AirportID,FacilityName,Type,SourceUserName,Latitude,Longitude,Preferred
K1RL,"Point Roberts Airpark",A,,48.9797210693359,-123.078887939453,1
K2I3,"Rough River State Park",A,,37.6097793579102,-86.5069274902344,1
K4U9,"Dell Flight Strip",A,,44.7357482910156,-112.720016479492,1
K52A,"Madison GA Municipal Airport",A,,33.6121253967285,-83.4604415893555,1
K57C,"East Troy Municipal Airport",A,,42.7971649169922,-88.3726119995117,1
K62S,"Christmas Valley Airport",A,,43.2365303039551,-120.66609954834,1
K6D9,"Iosco County",A,,44.3110008239746,-83.4219970703125,1
K6S0,"Big Timber Airport",A,,45.8063888549805,-109.981109619141,1
KAAF,"Apalachicola Regional Airport",A,,29.7276058197021,-85.0274429321289,1
KABE,"Lehigh Valley Intl",A,,40.6520843505859,-75.440803527832,1
KABI,"ABILENE RGNL, ABILENE USA",A,,32.41130556,-99.68188889,1
KABQ,"Albuquerque International Sunport",A,,35.0402221679688,-106.609191894531,1
KABR,"Aberdeen Regional Airport",A,,45.4491004943848,-98.4217987060547,1
KABY,"Southwest Georgia Regional Airport",A,,31.5354995727539,-84.1945037841797,1
KACK,"NANTUCKET MEM, NANTUCKET USA",A,,41.25311111,-70.06030556,1
KACT,"WACO RGNL, WACO USA",A,,31.61219444,-97.23030556,1
KACV,Arcata,A,,40.9781112670898,-124.108612060547,1
KACY,"ATLANTIC CITY INTERNATIONAL, ATLANTIC CITY USA",A,,39.45758333,-74.57716667,1
KADF,"DEXTER B FLORENCE MEMORIAL FIELD",A,,34.09980556,-93.06608333,0
KADM,"ARDMORE MUNI, ARDMORE USA",A,,34.30425,-97.02058333,1
KADS,Addison,A,,32.9685592651367,-96.8364486694336,1
KADW,"ANDREWS AFB, CAMP SPRINGS USA",A,,38.81081797,-76.86703914,1
KAEX,"ALEXANDRIA INTERNATIONAL, ALEXANDRIA USA",A,,31.32737167,-92.54855611,1
KAFW,"Fort Worth Alliance Airport",A,,32.9877777099609,-97.3188858032227,1
KAGC,"Allegheny County Airport",A,,40.3544006347656,-79.9301986694336,1
KAGS,"AUGUSTA RGNL AT BUSH FLD, BUSH FIELD USA",A,,33.36994444,-81.9645,1
KAHN,"Athens Ben Epps Airport",A,,33.948600769043,-83.326301574707,1
KAIA,"Alliance Municipal Airport",A,,42.0533332824707,-102.803886413574,1
KAIK,"Municipal Airport",A,,33.6493873596191,-81.6850280761719,1
KAIV,"GEORGE DOWNER",A,,33.10646528,-88.19779167,0
KAIZ,"Lee C Fine Memorial Airport",A,,38.0960350036621,-92.5494842529297,1
KAJR,"Habersham County Airport",A,,34.4998474121094,-83.5566711425781,1
KAKR,"AKRON FULTON INTERNATIONAL, AKRON USA",A,,41.0375,-81.46691667,1
KALB,"ALBANY INTERNATIONAL, ALBANY USA",A,,42.74911111,-73.80197222,1
KALI,"ALICE INTERNATIONAL, ALICE USA",A,,27.74088889,-98.02694444,1
KALM,"Alamogordo White Sands Regional Airport",A,,32.839900970459,-105.990997314453,1
KALO,"Waterloo Regional Airport",A,,42.5570983886719,-92.4002990722656,1
KALS,"San Luis Valley Regional Airport",A,,37.435001373291,-105.866668701172,1
KALW,"Walla Walla Regional Airport",A,,46.094898223877,-118.28800201416,1
KALX,"THOMAS C RUSSELL FLD",A,,32.91475,-85.96294444,0
KAMA,"AMARILLO INTERNATIONAL, AMARILLO USA",A,,35.21936111,-101.7059167,1
KANB,"ANNISTON METROPOLITAN, ANNISTON USA",A,,33.58816667,-85.85811111,1
KAND,"ANDERSON RGNL, ANDERSEN USA",A,,34.49458333,-82.70938889,1
KANE,"Anoka County Blaine Airport",A,,45.144889831543,-93.2101974487305,1
KANQ,"Tri-State Steuben County Airport",A,,41.6396980285645,-85.08349609375,1
KAOH,"Lima Allen County Airport",A,,40.7074775695801,-84.0270767211914,1
KAOO,"ALTOONA BLAIR CO, ALTOONA USA",A,,40.29636111,-78.32002778,1
KAPA,Centennial,A,,39.5701293945313,-104.849296569824,1
KAPC,"Napa County Airport",A,,38.2131958007813,-122.280693054199,1
KAPF,"Naples Muni",A,,26.1526184082031,-81.7752914428711,1
KAPG,"PHILLIPS AAF, ABERDEEN USA",A,,39.46621944,-76.16880833,1
KAPN,"Alpena County Regional Airport",A,,45.0780982971191,-83.560302734375,1
KARA,"ACADIANA REGIONAL, LOUISIANA USA",A,,30.03775833,-91.88389611,1
KART,"WATERTOWN INTERNATIONAL, WATERTOWN USA",A,,43.99188889,-76.02066667,1
KARV,Lakeland,A,,45.9277763366699,-89.7308349609375,1
KARX,Kar,A,,-6.245166667,143.5538333,0
KASE,"Aspen Pitkin County Sardy Field",A,,39.223201751709,-106.869003295898,1
KASH,"Boire Field Airport",A,,42.7817497253418,-71.514778137207,1
KASN,"TALLADEGA MUNI",A,,33.56950417,-86.05120139,0
KAST,"Astoria Regional Airport",A,,46.1579704284668,-123.878692626953,1
KASW,"Warsaw Municipal Airport",A,,41.2746925354004,-85.8400573730469,1
KATL,"THE WILLIAM B HARTSFIELD ATLANTA INTERNATIONAL, ATLANTA USA",A,,33.63669953,-84.42786394,1
KATT,"Camp Mabry Austin City",A,,30.3166599273682,-97.7666015625,1
KATW,"OUTAGAMIE COUNTY RGNL",A,,44.25808333,-88.51908333,1
KATY,"Watertown Regional Airport",A,,44.9140014648438,-97.1547012329102,1
KAUG,"AUGUSTA STATE, AUGUSTA USA",A,,44.32064972,-69.79731806,1
KAUO,"AUBURN UNIVERSITY RGNL",A,,32.61511111,-85.434,0
KAUS,"AUSTIN BERGSTROM INTERNATIONAL, AUSTIN USA",A,,30.19452778,-97.66988889,1
KAVL,"Asheville Regional Airport",A,,35.4361953735352,-82.5418090820313,1
KAVO,Executive,A,,27.5913887023926,-81.5288925170898,1
KAVP,"Wilkes Barre Scranton Intl",A,,41.3384780883789,-75.7234039306641,1
KAVQ,"Marana Regional",A,,32.4095573425293,-111.218391418457,1
KAVX,Avalon,A,,33.4049987792969,-118.415832519531,1
KAZO,Kalamazoo,A,,42.2348747253418,-85.5520553588867,1
KBAB,"BEALE AFB, MARYSVILLE USA",A,,39.13608889,-121.4365667,1
KBAD,"BARKSDALE AFB, SHREVEPORT USA",A,,32.50193333,-93.66262778,1
KBAF,"Barnes Municipal",A,,42.1579475402832,-72.7158737182617,1
KBBG,"Branson LLC",A,,36.5319938659668,-93.200553894043,1
KBCE,"Bryce Canyon",A,,37.7064437866211,-112.145805358887,1
KBCT,"BOCA RATON, BOCA RATON USA",A,,26.3785,-80.10769444,1
KBDE,"BAUDETTE INTERNATIONAL, BAUDETTE USA",A,,48.72844444,-94.61222222,1
KBDL,"BRADLEY INTERNATIONAL, WINDSOR LOCKS USA",A,,41.93914511,-72.68337128,1
KBDN,"Bend Municipal Airport",A,,44.094554901123,-121.200225830078,1
KBDR,"IGOR I SIKORSKY MEM, STRATFORD USA",A,,41.16347222,-73.12616667,1
KBEC,"Beech Factory Airport",A,,37.6939163208008,-97.2149200439453,1
KBED,"LAURENCE G HANSCOM FLD, BEDFORD USA",A,,42.46994444,-71.289,1
KBFD,"Bradford Regional Airport",A,,41.8031005859375,-78.6400985717773,1
KBFF,"Western Nebraska Regional Airport",A,,41.8740005493164,-103.596000671387,1
KBFI,"BOEING FLD KING CO INTERNATIONAL, SEATTLE USA",A,,47.53,-122.3019722,1
KBFL,"MEADOWS FLD, BAKERSFIELD USA",A,,35.43386111,-119.0576667,1
KBFM,"MOBILE DOWNTOWN, MOBILE USA",A,,30.62677778,-88.06808333,1
KBFP,"Beaver Falls",A,,40.7724723815918,-80.3914413452148,1
KBGE,"Decatur County Industrial Air Park",A,,30.9715976715088,-84.6369247436523,1
KBGM,"Greater Binghamton Edwin A Link Fld",A,,42.2086906433105,-75.9798355102539,1
KBGR,"BANGOR INTERNATIONAL, BANGOR USA",A,,44.80744444,-68.82813889,1
KBHB,"Hancock County - Bar Harbor",A,,44.4497680664063,-68.3615646362305,1
KBHM,"BIRMINGHAM INTERNATIONAL, BIRMINGHAM USA",A,,33.56388889,-86.75230556,1
KBID,"Block Island State Airport",A,,41.1680564880371,-71.5777816772461,1
KBIF,"BIGGS AAF, EL PASO USA",A,,31.849525,-106.3800389,1
KBIL,"Billings Logan International Airport",A,,45.809211730957,-108.537651062012,1
KBIS,"Bismarck Municipal Airport",A,,46.77272222,-100.74575,1
KBIV,"Tulip City Airport",A,,42.7427787780762,-86.1078338623047,1
KBIX,"KEESLER AFB, BILOXI USA",A,,30.410425,-88.92443333,1
KBJC,"Rocky Mountain Metropolitan Airport",A,,39.9088897705078,-105.117225646973,1
KBJI,"Bemidji Regional Airport",A,,47.5107231140137,-94.9347229003906,1
KBKD,"Stephens Co",A,,32.7190475463867,-98.890998840332,1
KBKF,"BUCKLEY AFB, BUCKLEY USA",A,,39.70176111,-104.7519611,1
KBKL,"Burke Lakefront Airport",A,,41.5175018310547,-81.6833343505859,1
KBKW,"Raleigh County Memorial Airport",A,,37.7873001098633,-81.1241989135742,1
KBLH,"Blythe Airport",A,,33.6191673278809,-114.716888427734,1
KBLI,"BELLINGHAM INTERNATIONAL, BELLINGHAM USA",A,,48.79269444,-122.5375278,1
KBLV,"SCOTT AFB MIDAMERICA, BELLEVILLE USA",A,,38.54516667,-89.83519444,1
KBMC,"Brigham City",A,,41.5519981384277,-112.061996459961,1
KBMG,"Monroe County Airport",A,,39.1460189819336,-86.6166839599609,1
KBMI,"Central Illinois Rgnl",A,,40.4771118164063,-88.9159164428711,1
KBMQ,"BURNET MUNI KATE CRADDOCK FIELD",A,,30.73892806,-98.23861022,1
KBNA,"NASHVILLE INTERNATIONAL, NASHVILLE USA",A,,36.12447222,-86.67819444,1
KBNO,"Burns Municipal Airport",A,,43.5919151306152,-118.955543518066,1
KBOI,"BOISE AIR TERMINAL, BOISE USA",A,,43.56436111,-116.2228611,1
KBOS,"GENERAL EDWARD LAWRENCE LOGAN INTERNATIONAL, BOSTON USA",A,,42.36297222,-71.00641667,1
KBOW,"Bartow Municipal Airport",A,,27.9433994293213,-81.7834014892578,1
KBOX,Kaibo,A,,-6.371166667,143.171,0
KBPT,"SOUTHEAST TEXAS RGNL, BEAUMONT USA",A,,29.95083333,-94.02069444,1
KBQK,"Brunswick Golden Isles Airport",A,,31.2588005065918,-81.4664993286133,1
KBRD,"Brainerd Lakes Rgnl",A,,46.398307800293,-94.1380767822266,1
KBRL,"Southeast Iowa Regional Airport",A,,40.7831993103027,-91.1255035400391,1
KBRO,"BROWNSVILLE SOUTH PADRE ISLAND INTERNATIONAL, BROWNSVILLE USA",A,,25.90683333,-97.42583333,1
KBTM,"Bert Mooney Airport",A,,45.9548072814941,-112.49747467041,1
KBTR,"BATON ROUGE METRO RYAN FLD, BATON ROUGE USA",A,,30.53290578,-91.14987686,1
KBTV,"BURLINGTON INTERNATIONAL, BURLINGTON USA",A,,44.47186111,-73.15327778,1
KBUF,"BUFFALO NIAGARA INTERNATIONAL, BUFFALO USA",A,,42.94041667,-78.73058333,1
KBUR,"BURBANK GLENDALE PASADENA, BURBANK USA",A,,34.20066667,-118.3586667,1
KBUU,"Municipal Airport",A,,42.6907157897949,-88.3046798706055,1
KBUY,"Burlington-Alamance Regional Airport",A,,36.0485420227051,-79.4748916625977,1
KBVU,"Boulder City Municipal Airport",A,,35.94748028,-114.8610967,1
KBVX,"BATESVILLE RGNL",A,,35.72622222,-91.64744444,0
KBVY,"Beverly Municipal Airport",A,,42.5841407775879,-70.916145324707,1
KBWG,"Bowling Green-Warren County Regional Airport",A,,36.964527130127,-86.4196701049805,1
KBWI,"BALTIMORE WASHINGTON INTERNATIONAL, BALTIMORE USA",A,,39.17536111,-76.66833333,1
KBXK,"Buckeye Municipal Airport",A,,33.4204177856445,-112.686180114746,1
KBXS,"Borrego Valley Airport",A,,33.2590293884277,-116.32096862793,1
KBYH,"ARKANSAS INTERNATIONAL, BLYTHEVILLE USA",A,,35.96433333,-89.94394444,1
KBYL,"WILLIAMSBURG-WHITLEY COUNTY",A,,36.795,-84.19952778,0
KBYS,"BICYCLE LAKE AAF, FORT IRWIN USA",A,,35.28053028,-116.6300294,1
KBZN,"Gallatin Field",A,,45.7776412963867,-111.160148620605,1
KCAE,"COLUMBIA METROPOLITAN, COLOMBIA USA",A,,33.93883333,-81.11952778,1
KCAK,"Akron Canton Regional Airport",A,,40.9160842895508,-81.4421920776367,1
KCAR,"CARIBOU MUNI, CARIBOU USA",A,,46.87163889,-68.01819444,1
KCBE,"Greater Cumberland Rgnl.",A,,39.6152763366699,-78.7605590820313,1
KCBM,"COLUMBUS AFB, COLOMBUS USA",A,,33.64516667,-88.445925,1
KCCO,"Coweta County Airport",A,,33.3115653991699,-84.7697525024414,1
KCCR,"Buchanan Field Airport",A,,37.9896659851074,-122.05689239502,1
KCDC,"CEDAR CITY RGNL, CEDAR CITY USA",A,,37.70096639,-113.0988458,1
KCDK,CedarKey,A,,29.1342220306396,-83.0504684448242,1
KCDN,"Woodward Field",A,,34.2835845947266,-80.5648574829102,1
KCDR,"Chadron Municipal Airport",A,,42.8375015258789,-103.095558166504,1
KCDS,"CHILDRESS MUNI, CHILDRESS USA",A,,34.43377778,-100.288,1
KCDW,"Caldwell Essex County Airport",A,,40.8752212524414,-74.281364440918,1
KCEC,"Del Norte County Airport",A,,41.780200958252,-124.236999511719,1
KCEF,"WESTOVER ARB METROPOLITAN, CHICOPEE FALLS USA",A,,42.19401389,-72.53478333,1
KCEU,Clemson,A,,34.6722221374512,-82.8858871459961,1
KCEW,"BOB SIKES, CRESTVIEW USA",A,,30.77883333,-86.52211111,1
KCEZ,"Cortez Muni",A,,37.3030014038086,-108.628059387207,1
KCFD,"COULTER FLD, BRYAN USA",A,,30.71569444,-96.33136111,1
KCGF,"Cuyahoga County",A,,41.5651245117188,-81.4863586425781,1
KCGI,"Cape Girardeau Regional Airport",A,,37.2252998352051,-89.57080078125,1
KCGX,"Meigs Field",A,,41.860279083252,-87.6097183227539,1
KCGZ,"Casa Grande Municipal Airport",A,,32.9548873901367,-111.766830444336,1
KCHA,"LOVELL FLD, CHATTANOOGA USA",A,,35.03519444,-85.20355556,1
KCHD,"Chandler Muni",A,,33.2691116333008,-111.811111450195,1
KCHO,Charlottesville-Albemarle,A,,38.1386375427246,-78.4528579711914,1
KCHS,"CHARLESTON AFB INTERNATIONAL, CHARLESTON USA",A,,32.89863889,-80.04052778,1
KCIC,"CHICO MUNI, CHICO USA",A,,39.79538889,-121.8584167,1
KCID,"Cedar Rapids",A,,41.884693145752,-91.710807800293,1
KCIU,"Chippewa County International Airport",A,,46.2508010864258,-84.4723968505859,1
KCKA,"KEGELMAN AF AUX FIELD",A,,36.7357665,-98.12362928,0
KCKB,"Harrison Marion Regional Airport",A,,39.2966003417969,-80.2281036376953,1
KCKC,"Grand Marais Cook County Airport",A,,47.8383331298828,-90.382942199707,1
KCKF,"Crisp County Cordele Airport",A,,31.9888324737549,-83.7739181518555,1
KCKV,"Clarksville-Montgomery County Regional Airport",A,,36.6219444274902,-87.4150009155273,1
KCLE,"CLEVELAND HOPKINS INTERNATIONAL, CLEVELAND USA",A,,41.40941667,-81.85469444,1
KCLL,"EASTERWOOD FLD, COLLEGE STATION USA",A,,30.58858333,-96.36383333,1
KCLM,"William R Fairchild International Airport",A,,48.1202011108398,-123.5,1
KCLT,"CHARLOTTE DOUGLAS INTERNATIONAL, CHARLOTTE USA",A,,35.21374067,-80.94906903,1
KCLW,"Clearwater Air Park",A,,27.9764728546143,-82.7586669921875,1
KCMD,"Folsom Field",A,,34.26869444,-86.85802778,1
KCMH,"PORT COLUMBUS INTERNATIONAL, COLUMBUS USA",A,,39.998,-82.89202778,1
KCMI,Champaign,A,,40.039249420166,-88.2780532836914,1
KCMX,"Houghton County Memorial Airport",A,,47.168399810791,-88.4890975952148,1
KCNI,"Cherokee County Airport",A,,34.3122177124023,-84.4221572875977,1
KCNM,"CAVERN CITY AIR TERMINAL, CARLSBAD USA",A,,32.33744444,-104.2633611,1
KCNW,"TSTC WACO, WACO USA",A,,31.63780556,-97.07413889,1
KCNY,"Canyonlands Field",A,,38.7550010681152,-109.754722595215,1
KCOD,"Yellowstone Rgnl",A,,44.5201950073242,-109.023803710938,1
KCOF,"PATRICK AFB, COCO BEACH USA",A,,28.23500567,-80.60997947,1
KCOS,"CITY OF COLORADO SPRINGS MUNI, COLORADO SPRINGS USA",A,,38.80580556,-104.7007778,1
KCOT,"COTULLA LA SALLE CO, COTULLA USA",A,,28.45669444,-99.21833333,1
KCOU,"COLUMBIA RGNL, COLUMBIA USA",A,,38.81809306,-92.21962917,1
KCPF,"Wendell H Ford",A,,37.38736111,-83.26161111,1
KCPR,"NATRONA CO INTERNATIONAL, CASPER USA",A,,42.908,-106.4644167,1
KCQF,"H L SONNY CALLAHAN",A,,30.4605,-87.87702778,0
KCRP,"CORPUS CHRISTI INTERNATIONAL, CORPUS CHRISTI USA",A,,27.77036111,-97.50122222,1
KCRQ,"McClellan-Palomar Airport",A,,33.12825,-117.2800833,1
KCRW,Yeager,A,,38.3731460571289,-81.5931854248047,1
KCSG,"Columbus Metropolitan Airport",A,,32.5163345336914,-84.9388580322266,1
KCTB,"CUT BANK MUNI, CUTBANK USA",A,,48.60835447,-112.3761541,1
KCTJ,"West Georgia Regional Airport - O V Gray Field",A,,33.6316947937012,-85.1522674560547,1
KCTY,"Cross City",A,,29.6355285644531,-83.1047515869141,1
KCVC,"Covington Muni",A,,33.63230833,-83.84744722,1
KCVG,"CINCINNATI NORTHERN KENTUCKY INTERNATIONAL, CINCINNATI USA",A,,39.04883667,-84.66782222,1
KCVK,"SHARP COUNTY RGNL",A,,36.26488889,-91.56266667,0
KCVN,"Clovis Muni",A,,34.4251403808594,-103.079277038574,1
KCVS,"CANNON AFB, CLOVIS USA",A,,34.382855,-103.322175,1
KCVX,"Charlevoix Municipal Airport",A,,45.3047790527344,-85.2753295898438,1
KCWA,"Central Wisconsin",A,,44.77762367,-89.66677803,1
KCWI,"Clinton Municipal",A,,41.8307495117188,-90.328971862793,1
KCXL,"CALEXICO INTERNATIONAL, CALEXICO USA",A,,32.66744444,-115.5175833,1
KCXO,"MONTGOMERY CO, CONROE USA",A,,30.35236111,-95.41452778,1
KCXY,"Capital City Airport",A,,40.2171401977539,-76.851944,1
KCYS,"CHEYENNE, CHEYENNE USA",A,,41.15563889,-104.8104722,1
KCZL,"Tom B. David Field Airport",A,,34.4554481506348,-84.9391632080078,1
KDAB,"Daytona Beach Intl",A,,29.1799163818359,-81.0580596923828,1
KDAL,"DALLAS LOVE FLD, DALLAS USA",A,,32.84711111,-96.85177778,1
KDAY,"JAMES M COX DAYTON INTERNATIONAL, DAYTON USA",A,,39.90225139,-84.21941019,1
KDBQ,"Dubuque Rgnl",A,,42.4020004272461,-90.70947265625,1
KDCA,"RONALD REAGAN WASHINGTON NATIONAL, WASHINGTON USA",A,,38.85191631,-77.03769894,1
KDCU,"PRYOR FIELD RGNL",A,,34.65405556,-86.94536111,0
KDDC,"Dodge City Regional Airport",A,,37.7634010314941,-99.9655990600586,1
KDEC,Decatur,A,,39.8345642089844,-88.8656921386719,1
KDED,"DeLand Municipal Airport",A,,29.0669441223145,-81.2838897705078,1
KDEN,"DENVER INTERNATIONAL, DENVER USA",A,,39.86166667,-104.6731667,1
KDET,"DETROIT CITY, DETROIT USA",A,,42.40932708,-83.01018214,1
KDFW,"DALLAS FORT WORTH INTERNATIONAL, DALLAS-FORT WORTH USA",A,,32.89682806,-97.03799583,1
KDGL,"Douglas Municipal Airport",A,,31.3426036834717,-109.506454467773,1
KDHN,"DOTHAN RGNL, DOTHAN USA",A,,31.32102122,-85.44947892,1
KDHT,"DALHART MUNI, DALHART USA",A,,36.02247222,-102.5473889,1
KDIK,"Dickinson Theodore Roosevelt Regional Airport",A,,46.7975006103516,-102.801940917969,1
KDKK,"Chautauqua County-Dunkirk Airport",A,,42.493335723877,-79.2720413208008,1
KDKX,"Knoxville Downtown Island Airport",A,,35.9638328552246,-83.873664855957,1
KDLF,"LAUGHLIN AFB, DEL RIO USA",A,,29.35939333,-100.7779131,1
KDLH,"DULUTH INTERNATIONAL, DULUTH USA",A,,46.84208333,-92.19363889,1
KDLL,"Baraboo Wisconsin Dells Airport",A,,43.521785736084,-89.7709274291992,1
KDLS,"Columbia Gorge Regional - The Dalles Municipal Airport",A,,45.6185569763184,-121.167335510254,1
KDMA,"DAVIS MONTHAN AFB, TUCSON USA",A,,32.1665,-110.8831667,1
KDNL,"Daniel Field Airport",A,,33.4665031433105,-82.0393829345703,1
KDNN,"Dalton Municipal Airport",A,,34.7229461669922,-84.870246887207,1
KDOV,"DOVER AFB, DOVER USA",A,,39.1295,-75.466,1
KDPA,"DU PAGE, WEST CHICAGO USA",A,,41.90694386,-88.24820314,1
KDQH,"Douglas Municipal Airport",A,,31.4767379760742,-82.8605651855469,1
KDRI,"BEAUREGARD PARISH, DERIDDER USA",A,,30.83172222,-93.33991667,1
KDRM,"Drummond Island Airport",A,,46.0093116760254,-83.7439346313477,1
KDRO,"DURANGO LA PLATA CO, DURANGO USA",A,,37.15151667,-107.7537692,1
KDRP,"DELTA RGNL",A,,35.12005556,-90.8265,0
KDRT,"DEL RIO INTERNATIONAL, DEL RIO USA",A,,29.37420694,-100.9271569,1
KDSM,"DES MOINES INTERNATIONAL, DES MOINES USA",A,,41.53397222,-93.66308333,1
KDTA,"Delta Municipal Airport",A,,39.3806381225586,-112.507713317871,1
KDTO,"Denton Mnu",A,,33.20209944,-97.19794639,1
KDTS,Destin,A,,30.4000606536865,-86.4714736938477,1
KDTW,"DETROIT METRO WAYNE CO, DETROIT USA",A,,42.21244444,-83.35338889,1
KDUC,"Halliburton Field Airport",A,,34.471305847168,-97.9598617553711,1
KDUG,"BISBEE DOUGLAS INTERNATIONAL, DOUGLAS USA",A,,31.46894444,-109.60375,1
KDUJ,"DuBois Regional Airport",A,,41.1782989501953,-78.8986968994141,1
KDVL,"Devils Lake Regional Airport",A,,48.114444732666,-98.9086074829102,1
KDVO,"Gnoss Field Airport",A,,38.143611907959,-122.556098937988,1
KDVT,"Deer Valley Municipal Airport",A,,33.68830556,-112.0825556,1
KDWA,"Yolo County Airport",A,,38.5793876647949,-121.856941223145,1
KDWH,"David Wayne Hooks Field",A,,30.0637454986572,-95.5542755126953,1
KDXR,"Danbury Municipal Airport",A,,41.3715362548828,-73.4821929931641,1
KDYA,"DEMOPOLIS RGNL",A,,32.46383333,-87.95405556,0
KDYS,"DYESS AFB, ABILENE USA",A,,32.41978547,-99.85538303,1
KE63,"Gila Bend Municipal Airport",A,,32.9601707458496,-112.673637390137,1
KEAT,"Pangborn Field",A,,47.3979988098145,-120.206001281738,1
KEAU,"Chippewa Valley Regional Airport",A,,44.8657989501953,-91.4842987060547,1
KEBA,"ELBERT COUNTY-PATZ FIELD",A,,34.09538889,-82.81747222,0
KECG,"ELIZABETH CITY CGAS RGNL, ELIZABETH CITY USA",A,,36.26058056,-76.17457222,1
KECP,"Panama City-NW Florida Beaches International",A,,30.35825,-85.79561111,1
KEDN,"ENTERPRISE MUNI",A,,31.29972222,-85.89983333,0
KEDW,"EDWARDS AFB, EDWARDS AFB USA",A,,34.90808839,-117.8855285,1
KEET,"Shelby County Airport",A,,33.1777763366699,-86.7832260131836,1
KEFD,"ELLINGTON FLD, HOUSTON USA",A,,29.60733333,-95.15875,1
KEFT,Municipal,A,,42.6163902282715,-89.5919418334961,1
KEGE,"Eagle Co Rgnl",A,,39.6425552368164,-106.917694091797,1
KEGP,"EAGLE PASS MUNI, EAGLE PASS USA",A,,28.8570928,-100.5134678,1
KEGT,"Wellington Municipal",A,,37.32361111,-97.38833333,1
KEGV,"Eagle River",A,,45.9323348999023,-89.2682800292969,1
KEKN,"ELKINS RANDOLPH CO JENNINGS RANDOLPH, ELKINS USA",A,,38.88944444,-79.85713889,1
KEKO,"Elko Regional Airport",A,,40.8249015808105,-115.791999816895,1
KEKY,BESSEMER,A,,33.31261111,-86.92630556,0
KELD,"SOUTH ARKANSAS RGNL AT GOODWIN FLD, EL DORADO USA",A,,33.22097222,-92.81327778,1
KELM,"Elmira Corning Rgnl",A,,42.1598892211914,-76.8916091918945,1
KELO,"Ely Municipal",A,,47.8244438171387,-91.8308334350586,1
KELP,"EL PASO INTERNATIONAL, EL PASO USA",A,,31.80718844,-106.3763553,1
KELY,"Ely Airport",A,,39.2997207641602,-114.841941833496,1
KEND,"VANCE AFB, ENID USA",A,,36.33953033,-97.91729,1
KENV,"WENDOVER, WENDOVER USA",A,,40.71869444,-114.0308889,1
KEOK,"Keokuk Municipal Airport",A,,40.4599075317383,-91.4284973144531,1
KEPM,"Eastport Municipal Airport",A,,44.9101104736328,-67.0126953125,1
KERI,"Erie Intl Tom Ridge Fld",A,,42.0820236206055,-80.1762161254883,1
KERV,"Kerrville Municipal Airport",A,,29.9766674041748,-99.0854721069336,1
KERY,"Luce County Airport",A,,46.3111991882324,-85.4572982788086,1
KESC,"Delta County Airport",A,,45.7227783203125,-87.0936126708984,1
KESF,"ESLER RGNL, ALEXANDRIA USA",A,,31.3949025,-92.29577194,1
KESN,"Easton-Newnam Field Airport",A,,38.8041648864746,-76.0690002441406,1
KEUF,"WEEDON FIELD",A,,31.95130556,-85.12891667,0
KEUG,"Mahlon Sweet Fld",A,,44.124584197998,-123.211975097656,1
KEVV,"Evansville Regional",A,,38.0369987487793,-87.5323638916016,1
KEWB,"New Bedford Regional Airport",A,,41.6761016845703,-70.956901550293,1
KEWN,"CRAVEN CO RGNL, NEW BERN USA",A,,35.07308169,-77.04285861,1
KEWR,"NEWARK LIBERTY INTERNATIONAL, NEWARK USA",A,,40.6925,-74.16866667,1
KEYW,"KEY WEST INTERNATIONAL, KEY WEST USA",A,,24.55611111,-81.75955556,1
KF70,"French Valley Airport",A,,33.5741806030273,-117.128471374512,1
KFAF,"FELKER AAF, FORT EUSTIS USA",A,,37.1325,-76.60883333,1
KFAR,"Hector International Airport",A,,46.9206504821777,-96.8157653808594,1
KFAT,"FRESNO YOSEMITE INTERNATIONAL, FRESNO USA",A,,36.77619444,-119.7181389,1
KFAY,"Fayetteville Regional Grannis Field",A,,34.9911994934082,-78.8803024291992,1
KFCA,"Kalispell, MT - Glacier Park International",A,,48.3104705810547,-114.255996704102,1
KFCS,"BUTTS AAF, FORT CARSON USA",A,,38.67971094,-104.7609539,1
KFDY,"Findlay Airport",A,,41.0120277404785,-83.6686096191406,1
KFFA,"First Flight Airport",A,,36.0200004577637,-75.6699981689453,1
KFFC,"Atlanta Regional Airport - Falcon Field",A,,33.357250213623,-84.5718307495117,1
KFFO,"WRIGHT PATTERSON AFB, DAYTON USA",A,,39.82597053,-84.04610283,1
KFFT,"Capital City Airport",A,,38.1819725036621,-84.906135559082,1
KFHR,"Friday Harbor Airport",A,,48.5219421386719,-123.024444580078,1
KFHU,"SIERRA VISTA MUNI LIBBY AAF, FORT HUACHUCA USA",A,,31.58847222,-110.3443889,1
KFIN,"FLAGLER COUNTY",A,,29.46738889,-81.20633333,1
KFIT,"Fitchburg Municipal Airport",A,,42.5541114807129,-71.7589721679688,1
KFKL,Franklin,A,,41.377872467041,-79.8603591918945,1
KFLD,"Fond Du Lac County Airport",A,,43.771167755127,-88.4884185791016,1
KFLG,"Flagstaff Pulliam Airport",A,,35.1403198242188,-111.669242858887,1
KFLL,"FORT LAUDERDALE HOLLYWOOD INTERNATIONAL, FORT LAUDERDALE USA",A,,26.07259619,-80.15274144,1
KFLO,"FLORENCE RGNL, FLORENCE USA",A,,34.18536111,-79.72388889,1
KFLV,"SHERMAN AAF, FORT LEAVENWORTH USA",A,,39.36757556,-94.91433972,1
KFME,"TIPTON, FORT MEADE USA",A,,39.08538667,-76.75941444,1
KFMH,"OTIS ANGB, FALMOUTH USA",A,,41.65913,-70.52281361,1
KFMN,"FOUR CORNERS RGNL, FARMINGTON USA",A,,36.74125,-108.2299444,1
KFMY,"PAGE FLD, FORT MYERS USA",A,,26.58661111,-81.86325,1
KFNL,"Fort Collins Loveland Muni",A,,40.4518280029297,-105.011337280273,1
KFNT,"Bishop International",A,,42.9654235839844,-83.7436294555664,1
KFOD,"FORT DODGE RGNL, FORT DODGE USA",A,,42.55119444,-94.19183333,1
KFOE,"FORBES FLD, TOPEKA USA",A,,38.95094444,-95.66361111,1
KFOK,"THE FRANCIS S GABRESKI, WEST HAMPTON BEACH USA",A,,40.84366667,-72.63177778,1
KFPR,"St Lucie County International Airport",A,,27.4974727630615,-80.3726348876953,1
KFRG,"Republic Airport",A,,40.7288017272949,-73.4133987426758,1
KFRI,"MARSHALL AAF, FORT RILEY USA",A,,39.05264111,-96.7644875,1
KFSD,"Sioux Falls",A,,43.5820121765137,-96.7419128417969,1
KFSI,"HENRY POST AAF, FORT SILL USA",A,,34.64983333,-98.40216667,1
KFSM,"FORT SMITH RGNL, FORT SMITH USA",A,,35.33658333,-94.36744444,1
KFST,"Fort Stockton Pecos Co",A,,30.9156665802002,-102.916137695313,1
KFTK,"GODMAN AAF, FORT KNOX USA",A,,37.90720819,-85.97156961,1
KFTW,"FORT WORTH MEACHAM INTERNATIONAL, FORT WORTH USA",A,,32.81977778,-97.36244444,1
KFTY,"Fulton County Airport Brown Field",A,,33.7790985107422,-84.5214004516602,1
KFUL,"Fullerton Municipal Airport",A,,33.87201417,-117.9797842,1
KFVE,"Northern Aroostook Regional Airport",A,,47.2855567932129,-68.3127746582031,1
KFWA,"Fort Wayne",A,,40.9784736633301,-85.1951370239258,1
KFWL,"Rawlins Municipal Airport-Harvey Field",A,,41.8055992126465,-107.19994354248,0
KFXE,"FORT LAUDERDALE EXECUTIVE, FORT LAUDERDALE USA",A,,26.19727936,-80.17070628,1
KFYV,"DRAKE FLD, FAYETTEVILLE USA",A,,36.00508333,-94.17005556,1
KFZG,"Fitzgerald Municipal Airport",A,,31.6839046478271,-83.2709045410156,1
KGAD,"Northeast Alabama Regional Airport",A,,33.9726486206055,-86.0890808105469,1
KGAG,"GAGE, GAGE USA",A,,36.29553889,-99.77642361,1
KGAI,"Montgomery County Airpark",A,,39.16833333,-77.166,1
KGBD,"Great Bend Municipal",A,,38.344165802002,-98.8591690063477,1
KGCC,"Gillette-Campbell County Airport",A,,44.3489151000977,-105.539360046387,1
KGCK,"GARDEN CITY RGNL, GARDEN CITY USA",A,,37.92752778,-100.7244167,1
KGCN,"Grand Canyon National Park Airport",A,,35.9523620605469,-112.14697265625,1
KGDV,"Dawson Community Airport",A,,47.1386108398438,-104.807220458984,1
KGDW,"Gladwin Zettel Memorial Airport",A,,43.970588684082,-84.4750213623047,1
KGED,"Sussex Co",A,,38.6891937255859,-75.35888671875,1
KGEG,"SPOKANE INTERNATIONAL, SPOKANE USA",A,,47.61902778,-117.5352222,1
KGEO,"Brown County Airport",A,,38.8819465637207,-83.8827362060547,1
KGFK,"GRAND FORKS INTERNATIONAL, GRAND FORKS USA",A,,47.94726658,-97.17378069,1
KGGE,"Georgetown County Airport",A,,33.3114013671875,-79.3203125,1
KGGG,"EAST TEXAS RGNL, LONGVIEW USA",A,,32.38401444,-94.71148667,1
KGGW,"Wokal Field Glasgow International Airport",A,,48.2125015258789,-106.61499786377,1
KGHG,"Marshfield Municipal Airport",A,,42.0982513427734,-70.6721420288086,1
KGIF,"Gilbert Airport",A,,28.0627784729004,-81.7533340454102,1
KGJT,"Grand Junction Regional",A,,39.1224136352539,-108.526733398438,1
KGKY,"Arlington Municipal",A,,32.6638603210449,-97.0942764282227,1
KGLD,"Renner Fld",A,,39.3706207275391,-101.698989868164,1
KGLS,"SCHOLES INTERNATIONAL AT GALVESTON, GALVESTON USA",A,,29.26533333,-94.86041667,1
KGNT,"GRANTS MILAN MUNI, GRANTS USA",A,,35.16727778,-107.9020556,1
KGNV,"GAINESVILLE RGNL, GAINESVILLE USA",A,,29.69005556,-82.27177778,1
KGON,"Groton New London",A,,41.3300552368164,-72.0451354980469,1
KGPT,Gulfport-Biloxi,A,,30.4072780609131,-89.0701141357422,1
KGPZ,"Grand Rapids Itasca County",A,,47.211109161377,-93.5097198486328,1
KGQQ,"Galion Municipal Airport",A,,40.7533874511719,-82.7238082885742,1
KGRB,"AUSTIN STRAUBEL INTERNATIONAL, GREEN BAY USA",A,,44.48463889,-88.12972222,1
KGRF,"GRAY AAF, FORT LEWIS USA",A,,47.07922222,-122.5807778,1
KGRI,"Central Nebraska Regional Airport",A,,40.9674987792969,-98.3096008300781,1
KGRK,"ROBERT GRAY AAF, KILLEEN USA",A,,31.06725,-97.82891667,1
KGRR,"GERALD R FORD INTERNATIONAL, GRAND RAPIDS USA",A,,42.88083333,-85.52280556,1
KGSB,"SEYMOUR JOHNSON AFB, GOLDSBORO USA",A,,35.33938472,-77.96059167,1
KGSO,"Piedmont Triad",A,,36.0977516174316,-79.9373092651367,1
KGSP,"Greenville-Spartanburg International",A,,34.8955574035645,-82.2188873291016,1
KGTB,"WHEELER SACK AAF, FORT DRUM USA",A,,44.05561383,-75.71989772,1
KGTF,"GREAT FALLS INTERNATIONAL, GREAT FALLS USA",A,,47.48265392,-111.37061,1
KGTR,"Golden Triangle Regional Airport",A,,33.4503326416016,-88.5913619995117,1
KGTU,"Georgetown Municipal Airport",A,,30.6788082122803,-97.6793823242188,1
KGUC,"Gunnison - Crested Butte",A,,38.5338897705078,-106.933059692383,1
KGUP,"Gallup Muni",A,,35.511058807373,-108.789306640625,1
KGUR,"CAMP GUERNSEY",A,,42.25975,-104.7283056,0
KGUS,"GRISSOM ARB, PERU USA",A,,40.64809444,-86.15211944,1
KGVL,"Lee Gilmer Memorial Airport",A,,34.2726287841797,-83.8302230834961,1
KGVQ,"Genesee County Airport",A,,43.0317497253418,-78.1696701049805,1
KGVT,"MAJORS, GREENVILE USA",A,,33.06783889,-96.0653325,1
KGVW,"RICHARDS GEBAUR MEMORIAL, GRANDVIEW USA",A,,38.84333333,-94.56055556,1
KGWO,"GREENWOOD LEFLORE, GREENWOOD USA",A,,33.49429914,-90.08479878,1
KGXF,"GILA BEND AF AUX",A,,32.88754667,-112.719885,0
KGYR,"Phoenix Goodyear",A,,33.4237251281738,-112.374458312988,1
KGYY,"Gary Chicago International Airport",A,,41.6162986755371,-87.4128036499023,1
KGZH,"MIDDLETON FIELD",A,,31.415,-87.04336111,0
KHAB,"MARION COUNTY-RANKIN FITE",A,,34.11694444,-87.99822222,0
KHAO,"Bulter County Regional Airport",A,,39.3637504577637,-84.5219421386719,1
KHBR,"HOBART MUNI, HOBART USA",A,,34.99130556,-99.05138889,1
KHDI,"Hardwick Field Airport",A,,35.2200012207031,-84.8323669433594,1
KHDN,"Yampa Valley",A,,40.4811820983887,-107.217658996582,1
KHDO,"Hondo Municipal Airport",A,,29.3591003417969,-99.1774978637695,1
KHFD,"HARTFORD BRAINARD, HARTFORD USA",A,,41.73672222,-72.64944444,1
KHGR,"Hagerstown Regional Richard A Henson Field",A,,39.7079010009766,-77.7294998168945,1
KHHR,"JACK NORTHROP FLD HAWTHORNE MUNI, HAWTHORNE USA",A,,33.92283972,-118.3351872,1
KHIB,"CHISHOLM HIBBING, HIBBING USA",A,,47.38658333,-92.83897222,1
KHIF,"HILL AFB, OGDEN USA",A,,41.12393889,-111.9730389,1
KHII,"Lake Havasu City Airport",A,,34.5711097717285,-114.358276367188,1
KHIO,"Portland Hillsboro",A,,45.5403938293457,-122.949821472168,1
KHKA,"BLYTHEVILLE MUNI",A,,35.94041667,-89.83080556,0
KHKY,"HICKORY RGNL, HICKORY USA",A,,35.74114639,-81.38954889,1
KHLN,"HELENA RGNL, HELENA USA",A,,46.60680556,-111.98275,1
KHLR,"HOOD AAF, FORT HOOD USA",A,,31.13874056,-97.71448417,1
KHMN,"HOLLOMAN AFB, ALAMOGORDO USA",A,,32.85185853,-106.1085374,1
KHMZ,"Bedford County",A,,40.086109161377,-78.5133361816406,1
KHND,"Henderson Executive Airport",A,,35.9727783203125,-115.13444519043,1
KHOB,"LEA CO RGNL, HOBBS USA",A,,32.6875,-103.2173333,1
KHON,"HURON RGNL, HURON USA",A,,44.38519444,-98.22855556,1
KHOP,"CAMPBELL AAF, HOPKINSVILLE USA",A,,36.67236056,-87.49248611,1
KHOT,"Memorial Field",A,,34.4780006408691,-93.0961990356445,1
KHOU,"WILLIAM P HOBBY, HOUSTON USA",A,,29.64541861,-95.27888889,1
KHPN,"WESTCHESTER CO, WHITE PLAINS USA",A,,41.06694444,-73.70755556,1
KHQU,"McDuffie County Airport",A,,33.5297317504883,-82.5169525146484,1
KHRL,"VALLEY INTERNATIONAL, HARLINGEN USA",A,,26.22711111,-97.65513889,1
KHRO,"BOONE CO, HARRISON USA",A,,36.26152056,-93.15472889,1
KHRT,"HURLBURT FLD, MARY ESTHER USA",A,,30.42783333,-86.68933333,1
KHST,"HOMESTEAD ARB, HOMESTEAD USA",A,,25.48855,-80.38356667,1
KHSV,"Huntsville International Airport-Carl T Jones Field",A,,34.6371955871582,-86.7750549316406,1
KHTL,"ROSCOMMON CO, HOUGHTON LAKE USA",A,,44.35986511,-84.67186014,1
KHTS,"Tri State Milton J Ferguson Field",A,,38.36669921875,-82.5579986572266,1
KHUA,"REDSTONE AAF, REDSTONE USA",A,,34.67865472,-86.6847825,1
KHUF,"TERRE HAUTE INTERNATIONAL HULMAN FLD, TERRE HAUTE USA",A,,39.45147222,-87.30758333,1
KHUL,"HOULTON INTERNATIONAL, HOULTON USA",A,,46.12460833,-67.79236111,1
KHUT,"Hutchinson Municipal Airport",A,,38.0654983520508,-97.8606033325195,1
KHVN,"Tweed-New Haven Airport",A,,41.2637481689453,-72.8868026733398,1
KHVR,"HAVRE CITY CO, HAVRE USA",A,,48.54297222,-109.7623333,1
KHWO,"NORTH PERRY, HOLLYWOOD USA",A,,26.00122222,-80.24072222,1
KHXD,"Hilton Head Airport",A,,32.2243614196777,-80.6974716186523,1
KHYA,"Barnstable Muni Boardman Polando Fld",A,,41.6693344116211,-70.2803573608398,1
KHYS,"Hays Regional Airport",A,,38.8422012329102,-99.2732009887695,1
KHZL,"Hazleton Municipal",A,,40.9891662597656,-76.0025024414063,1
KIAB,"MC CONNELL AFB, WICHITA USA",A,,37.623,-97.26733333,1
KIAD,"WASHINGTON DULLES INTERNATIONAL, WASHINGTON USA",A,,38.94744444,-77.45994444,1
KIAG,"NIAGARA FALLS INTERNATIONAL, NIAGARA FALLS USA",A,,43.10755725,-78.94584094,1
KIAH,"GEORGE BUSH INTCNTL HOUSTON, HOUSTON USA",A,,29.98443361,-95.34144222,1
KICT,"Wichita Eisenhower National Airport",A,,37.64994444,-97.43305556,1
KIDA,"Idaho Falls Rgnl",A,,43.5145568847656,-112.070747375488,1
KIGQ,"Lansing Municipal",A,,41.5349159240723,-87.5295257568359,1
KIJD,"Windham Airport",A,,41.744026184082,-72.1802215576172,1
KIKK,"GREATER KANKAKEE, KANKAKEE USA",A,,41.07138889,-87.84627778,1
KIKR,"ALBUQUERQUE INTERNATIONAL SUNPORT, KIRTLAND A.F.B. USA",A,,35.04,-106.6091667,1
KIKV,"Ankeny Regl Airport",A,,41.6913871765137,-93.5663909912109,1
KILG,"NEW CASTLE CO, WILMINGTON USA",A,,39.67872222,-75.60663889,1
KILM,"WILMINGTON INTERNATIONAL, WILMINGTON USA",A,,34.27061111,-77.90255556,1
KILN,"Wilmington Airborne Airpark",A,,39.427921295166,-83.7921142578125,1
KIMT,"Ford Airport",A,,45.818359375,-88.1145553588867,1
KIND,"INDIANAPOLIS INTERNATIONAL, INDIANAPOLIS USA",A,,39.71729914,-86.29466119,1
KINJ,"Hillsboro Muni",A,,32.0834846496582,-97.0972290039062,1
KINK,"WINKLER CO, WINK USA",A,,31.77980556,-103.2016944,1
KINL,"FALLS INTERNATIONAL, INTERNATIONAL FALLS USA",A,,48.56558333,-93.40216667,1
KINS,"INDIAN SPRINGS AF AUX, INDIAN SPRINGS USA",A,,36.58718222,-115.6733536,1
KINT,"SMITH REYNOLDS, WINSTON-SALEM USA",A,,36.13372222,-80.222,1
KINW,"Winslow-Lindbergh Regional Airport",A,,35.021915435791,-110.722526550293,1
KIPL,"IMPERIAL CO, IMPERIAL USA",A,,32.83421944,-115.5787444,1
KIPP,Glindbruchkippe,A,,52.3236999511719,10.1820001602173,0
KIPT,"WILLIAMSPORT RGNL, WILLIAMSPORT USA",A,,41.24166667,-76.92180556,1
KIRK,"Kirksville Regional Airport",A,,40.0934982299805,-92.5448989868164,1
KISM,"Kissimmee Gateway Airport",A,,28.2898063659668,-81.4370803833008,1
KISN,"SLOULIN FLD INTERNATIONAL, WILLISTON USA",A,,48.17793861,-103.6423467,1
KISO,"Kinston Regional Jetport",A,,35.3313903808594,-77.60888671875,1
KISP,"LONG ISLAND MAC ARTHUR, ISLIP USA",A,,40.79525,-73.10022222,1
KISW,"Alexander Field South Wood County Airport",A,,44.3606452941895,-89.8381423950195,1
KITH,"Ithaca Tompkins Rgnl",A,,42.4910278320313,-76.4584426879883,1
KIWA,"Phoenix-Mesa Gateway",A,,33.3078346252441,-111.654998779297,1
KIWS,"West Houston",A,,29.8181934356689,-95.672607421875,1
KIXD,"New Century AirCenter Airport",A,,38.8309173583984,-94.8903045654297,1
KIYK,"Inyokern Airport",A,,35.6588897705078,-117.829444885254,1
KJAC,"Jackson Hole Airport",A,,43.6073341369629,-110.737747192383,1
KJAN,"JACKSON INTERNATIONAL, JACKSON USA",A,,32.31116667,-90.07588889,1
KJAX,"JACKSONVILLE INTERNATIONAL, JACKSONVILLE USA",A,,30.49405556,-81.68786111,1
KJBR,"JONESBORO MUNI, JONESBORO USA",A,,35.83172222,-90.64641667,1
KJEF,"Jefferson City Memorial Airport",A,,38.5912017822266,-92.1560974121094,1
KJES,"Jesup-Wayne County Airport",A,,31.5538883209229,-81.8824996948242,1
KJFK,"JOHN F KENNEDY INTERNATIONAL, NEW YORK USA",A,,40.63975111,-73.77892556,1
KJFX,"WALKER COUNTY-BEVILL FIELD",A,,33.902,-87.31383333,0
KJHW,"Chautauqua County-Jamestown",A,,42.1533317565918,-79.258056640625,1
KJKA,"Jack Edwards Airport",A,,30.2896385192871,-87.6717758178711,1
KJLN,"Joplin Rgnl",A,,37.1518135070801,-94.4982681274414,1
KJMS,"Jamestown Regional Airport",A,,46.9296989440918,-98.6781997680664,1
KJOT,"Regional Airport",A,,41.5177764892578,-88.1755523681641,1
KJQF,"Concord Rgnl",A,,35.3877754211426,-80.7091369628906,1
KJST,"John Murtha Johnstown-Cambria County Airport",A,,40.3161125183105,-78.8338851928711,1
KJTC,"SPRINGERVILLE MUNI",A,,34.12941667,-109.3108611,0
KJVL,"Southern Wisconsin Regional Airport",A,,42.6202507019043,-89.0415573120117,1
KJXN,"Reynolds Field",A,,42.260555267334,-84.4605560302734,1
KJYL,"Plantation Airpark",A,,32.6452789306641,-81.5971145629883,1
KJYO,"Leesburg Executive Airport",A,,39.0779991149902,-77.5579986572266,1
KJZP,"Pickens County Airport",A,,34.4534721374512,-84.4572219848633,1
KKLS,"Kelso Longview",A,,46.1180000305176,-122.898391723633,1
KLAA,"Lamar Muni",A,,38.069694519043,-102.688499450684,1
KLAL,"Lakeland Linder Regional Airport",A,,27.9889163970947,-82.0185546875,1
KLAM,"Los Alamos Airport",A,,35.8798027038574,-106.269416809082,1
KLAN,"CAPITAL CITY, LANSING USA",A,,42.77863889,-84.58619444,1
KLAR,"Laramie Regional Airport",A,,41.3120994567871,-105.675003051758,1
KLAS,"MC CARRAN INTERNATIONAL, LAS VEGAS USA",A,,36.08005556,-115.15225,1
KLAW,"Lawton-Fort Sill Regional Airport",A,,34.5677146911621,-98.416633605957,1
KLAX,"LOS ANGELES INTERNATIONAL, LOS ANGELES USA",A,,33.9424955,-118.4080684,1
KLBB,"LUBBOCK INTERNATIONAL, LUBBOCK USA",A,,33.66363889,-101.8227778,1
KLBE,"Arnold Palmer Regional Airport",A,,40.2759017944336,-79.4048004150391,1
KLBF,"North Platte Regional Airport Lee Bird Field",A,,41.1262016296387,-100.68399810791,1
KLBL,"Liberal Muni",A,,37.0442237854004,-100.959861755371,1
KLBT,"Municipal Airport",A,,34.609806060791,-79.0595550537109,1
KLCH,"LAKE CHARLES RGNL, LAKE CHARLES USA",A,,30.12608333,-93.22341667,1
KLCK,"RICKENBACKER INTERNATIONAL, COLUMBUS USA",A,,39.81377778,-82.92780556,1
KLCQ,"Lake City Municipal Airport",A,,30.1819438934326,-82.5769424438477,1
KLDJ,"Linden Airport",A,,40.6174468994141,-74.2445907592773,1
KLEB,"Lebanon Municipal Airport",A,,43.6260986328125,-72.30419921875,1
KLEW,"Lewiston Maine",A,,44.0484733581543,-70.2835083007813,1
KLEX,"Blue Grass",A,,38.0364990234375,-84.6058883666992,1
KLFI,"LANGLEY AFB, HAMPTON USA",A,,37.08283333,-76.3605,1
KLFK,"ANGELINA CO, LUFKIN USA",A,,31.23401389,-94.75,1
KLFT,"LAFAYETTE RGNL, LAFAYETTE USA",A,,30.20525,-91.98761111,1
KLGA,"LA GUARDIA, NEW YORK USA",A,,40.77725,-73.87261111,1
KLGB,"LONG BEACH, LONG BEACH USA",A,,33.81775397,-118.151733,1
KLGC,"LaGrange-Callaway Airport",A,,33.008861541748,-85.0726089477539,1
KLGU,Logan-Cache,A,,41.7910003662109,-111.851997375488,1
KLHV,"William T. Piper Mem.",A,,41.1357765197754,-77.4223022460938,1
KLHW,"WRIGHT AAF, WRIGHT USA",A,,31.88830597,-81.56162086,1
KLHX,"La Junta Muni",A,,38.0497207641602,-103.509429931641,1
KLIT,"ADAMS FLD, LITTLE ROCK USA",A,,34.72944444,-92.22477778,1
KLKP,"Lake Placid Airport",A,,44.2644424438477,-73.9619445800781,1
KLKV,"Lake County Airport",A,,42.1611099243164,-120.399085998535,1
KLMT,"Klamath Falls Airport",A,,42.1561012268066,-121.733001708984,1
KLNA,"PALM BEACH CO PARK, WEST PALM BEACH USA",A,,26.59305556,-80.08506461,1
KLNK,"LINCOLN MUNI, LINCOLN USA",A,,40.85088889,-96.75911111,1
KLNN,"Lost Nation Municipal Airport",A,,41.6840286254883,-81.3897476196289,1
KLNR,"Tri-County Regional Airport",A,,43.2116661071777,-90.1816635131836,1
KLNS,"Lancaster Airport",A,,40.1217002868652,-76.2960968017578,1
KLOM,"Wings Field",A,,40.1375007629395,-75.2649993896484,1
KLOU,"BOWMAN FLD, LOUISVILLE USA",A,,38.228,-85.66372222,1
KLOZ,"London-Corbin Airport-MaGee Field",A,,37.0868873596191,-84.077392578125,1
KLPC,"Lompoc Airport",A,,34.665599822998,-120.467498779297,1
KLPR,"Lorain County Regional Airport",A,,41.3442764282227,-82.1776351928711,1
KLRD,"LAREDO INTERNATIONAL, LAREDO USA",A,,27.54419444,-99.46158333,1
KLRF,"LITTLE ROCK AFB, JACKSONVILLE USA",A,,34.91676944,-92.14654167,1
KLRU,"Las Cruces Intl",A,,32.2894172668457,-106.921974182129,1
KLSE,"La Crosse Municipal",A,,43.8789863586426,-91.2567138671875,1
KLSF,"LAWSON AAF, FORT BENNING USA",A,,32.33178986,-84.98715889,1
KLSV,"NELLIS AFB, LAS VEGAS USA",A,,36.23619722,-115.0342528,1
KLTS,"ALTUS AFB, ALTUS USA",A,,34.66646017,-99.26808622,1
KLUA,"Luray Caverns Airport",A,,38.6669425964355,-78.5005569458008,1
KLUF,"LUKE AFB, PHOENIX USA",A,,33.53496694,-112.3831996,1
KLUK,"CINCINNATI MUNI LUNKEN FLD, CINCINNATI USA",A,,39.10333333,-84.41861111,1
KLVK,"Livermore Municipal",A,,37.69338889,-121.8203611,1
KLVM,"Mission Field Airport",A,,45.699390411377,-110.448303222656,1
KLVS,"Las Vegas Muni",A,,35.6542205810547,-105.142387390137,1
KLWA,"South Haven Area Regional Airport",A,,42.3511962890625,-86.2556381225586,1
KLWB,"Greenbrier Valley Airport",A,,37.8583335876465,-80.3994445800781,1
KLWC,"Lawrence Municipal",A,,39.0091667175293,-95.2174987792969,1
KLWM,"Lawrence Municipal Airport",A,,42.7171936035156,-71.1234130859375,1
KLWS,"Lewiston Nez Perce Co",A,,46.3745002746582,-117.01538848877,1
KLWT,"Lewistown Municipal Airport",A,,47.0493011474609,-109.467002868652,1
KLYH,"Lynchburg Regional Preston Glenn Field",A,,37.3266983032227,-79.2004013061523,1
KLZU,"Gwinnett County Airport-Briscoe Field",A,,33.9780769348145,-83.9623794555664,1
KMAE,"Madera Municipal Airport",A,,36.9886093139649,-120.112442016602,1
KMAF,"MIDLAND INTERNATIONAL, MIDLAND USA",A,,31.94252778,-102.2019167,1
KMBL,"Manistee County-Blacker Airport",A,,44.2724990844727,-86.246940612793,1
KMBS,"Mbs Intl",A,,43.5329132080078,-84.0796432495117,1
KMCC,"MC CLELLAN AFLD, SACRAMENTO USA",A,,38.66763889,-121.4006111,1
KMCE,"Merced Municipal Airport",A,,37.2847213745117,-120.513885498047,1
KMCF,"MACDILL AFB, TAMPA USA",A,,27.84933333,-82.52116667,1
KMCI,"KANSAS CITY INTERNATIONAL, KANSAS CITY USA",A,,39.29760528,-94.71390556,1
KMCK,"McCook Regional Airport",A,,40.2063903808594,-100.592224121094,1
KMCN,"MIDDLE GEORGIA RGNL, MACON USA",A,,32.69285,-83.64921111,1
KMCO,"ORLANDO INTERNATIONAL, ORLANDO USA",A,,28.42939361,-81.30899306,1
KMDQ,"Madison County Executive Airport",A,,34.8610000610352,-86.5579986572266,1
KMDT,"HARRISBURG INTERNATIONAL, HARRISBURG USA",A,,40.19319067,-76.76262061,1
KMDW,"CHICAGO MIDWAY INTERNATIONAL, CHICAGO USA",A,,41.78597222,-87.75241667,1
KMEI,"Key Field",A,,32.3326225280762,-88.7518692016602,1
KMEM,"MEMPHIS INTERNATIONAL, MEMPHIS USA",A,,35.04241667,-89.97666667,1
KMER,"CASTLE, MERCED USA",A,,37.38047222,-120.5681944,1
KMFD,"Mansfield Lahm Regional",A,,40.8214149475098,-82.5166397094727,1
KMFE,"MC ALLEN MILLER INTERNATIONAL, MCALLEN USA",A,,26.17583333,-98.23861111,1
KMFI,"Marshfield Municipal Airport",A,,44.6368789672852,-90.189323425293,1
KMFR,"Rogue Valley Intl Medford",A,,42.3742294311523,-122.873497009277,1
KMGC,"Michigan City Municipal Airport",A,,41.7033004760742,-86.8210983276367,1
KMGE,"DOBBINS ARB, MARIETTA USA",A,,33.91528056,-84.51635278,1
KMGJ,"Orange County Airport",A,,41.5099868774414,-74.2646408081055,1
KMGM,"Montgomery Regional Airport ",A,,32.3006401062012,-86.3939743041992,1
KMGW,"Morgantown Muni Walter L Bill Hart Fld",A,,39.6429061889649,-79.9163131713867,1
KMGY,"Dayton-Wright Brothers Airport",A,,39.5889739990234,-84.2248611450195,1
KMHK,"Manhattan Reigonal",A,,39.1409721374512,-96.6708297729492,1
KMHR,"SACRAMENTO MATHER, SACRAMENTO USA",A,,38.55526381,-121.2972502,1
KMHT,"Manchester Regional Airport",A,,42.9325561523438,-71.4356689453125,1
KMHV,Mojave,A,,35.0593643188477,-118.15185546875,1
KMIA,"MIAMI INTERNATIONAL, MIAMI USA",A,,25.79536111,-80.29011111,1
KMIB,"MINOT AFB, MINOT USA",A,,48.41576944,-101.3580389,1
KMIV,"MILLVILLE MUNI, MILLVILLE USA",A,,39.36780556,-75.07222222,1
KMKC,"Charles B. Wheeler Downtown",A,,39.127498626709,-94.5988922119141,1
KMKE,"GENERAL MITCHELL INTERNATIONAL, MILWAUKEE USA",A,,42.9470795,-87.89706253,1
KMKG,"Muskegon County Airport",A,,43.1694984436035,-86.2381973266602,1
KMKL,"MC KELLAR SIPES RGNL, JACKSON USA",A,,35.59988889,-88.91561111,1
KMKO,"DAVIS FLD, MUSKOGEE USA",A,,35.65775,-95.36163889,1
KMKY,"Marco Islands",A,,25.9950275421143,-81.6725311279297,1
KMLB,"MELBOURNE INTERNATIONAL, MELBOURNE USA",A,,28.10275278,-80.64525694,1
KMLC,"MC ALESTER RGNL, MCALESTER USA",A,,34.88238889,-95.78347222,1
KMLD,"Malad City",A,,42.1699981689453,-112.289001464844,1
KMLI,"Quad City Intl",A,,41.4485282897949,-90.5075378417969,1
KMLJ,"Baldwin County Airport",A,,33.154224395752,-83.2414169311523,1
KMLS,"Frank Wiley Field",A,,46.4280014038086,-105.886001586914,1
KMLT,"MILLINOCKET MUNI, MILLINOCKET USA",A,,45.64783333,-68.68555556,1
KMLU,"MONROE RGNL, MONROE USA",A,,32.51086111,-92.03766667,1
KMMH,"Mammoth Yosemite Airport",A,,37.6240501403809,-118.837768554688,1
KMMI,"McMinn Co",A,,35.3991889953613,-84.561767578125,1
KMMU,"Morristown Municipal Airport",A,,40.7993507385254,-74.4148712158203,1
KMMV,"MC MINNVILLE MUNI, MACKMINNVILLE USA",A,,45.19454594,-123.1360681,1
KMNI,"Manning - Santee Cooper Regional AIrport",A,,33.58822222,-80.20619444,0
KMNM,"MENOMINEE MARINETTE TWIN CO, MACON USA",A,,45.12668806,-87.63854294,1
KMOB,"MOBILE RGNL, MOBILE USA",A,,30.69141667,-88.24283333,1
KMOD,"MODESTO CITY CO HARRY SHAM, MODESTO USA",A,,37.62583333,-120.9544167,1
KMOT,"MINOT INTERNATIONAL, MINOT USA",A,,48.25763889,-101.2780278,1
KMPV,"EDWARD F KNAPP STATE, MONTPELIER USA",A,,44.20348947,-72.56209756,1
KMQS,"Chester County G O Carlson Airport",A,,39.9789009094238,-75.8654022216797,1
KMQT,"SAWYER INTERNATIONAL, MARQUETTE USA",A,,46.533333,-87.566667,1
KMQY,"Smyrna Airport",A,,36.0089988708496,-86.5201034545898,1
KMRN,"Foothills Regional Airport",A,,35.8202323913574,-81.6115112304688,1
KMRY,"Monterey Peninsula",A,,36.5870018005371,-121.84294128418,1
KMSL,"Northwest Alabama Regional Airport",A,,34.7453002929688,-87.6101989746094,1
KMSN,"DANE CO RGNL TRUAX FLD, MADISON USA",A,,43.13987914,-89.33750447,1
KMSO,"Missoula Intl",A,,46.9163055419922,-114.090553283691,1
KMSP,"MINNEAPOLIS ST PAUL INTERNATIONAL, MINNEAPOLIS USA",A,,44.88195667,-93.22176556,1
KMSS,"MASSENA INTERNATIONAL RICHARDS FLD, MASSENA USA",A,,44.93583333,-74.84555556,1
KMSY,"LOUIS ARMSTRONG NEW ORLEANS INTERNATIONAL, NEW ORLEANS USA",A,,29.99338889,-90.25802778,1
KMTC,"SELFRIDGE ANGB, MOUNT CLEMENS USA",A,,42.60833333,-82.8355,1
KMTH,"Florida Keys Marathon Airport",A,,24.726110458374,-81.0513916015625,1
KMTJ,"Montrose Regional Airport",A,,38.5097923278809,-107.894241333008,1
KMUI,"MUIR AAF, MUIR USA",A,,40.43523558,-76.56862783,1
KMUO,"MOUNTAIN HOME AFB, MOUNTAIN HOME USA",A,,43.04359722,-115.8724306,1
KMVC,"MONROE COUNTY",A,,31.45805556,-87.35102778,0
KMVL,"Morrisville Stowe State Airport",A,,44.5349998474121,-72.6139984130859,1
KMVY,"Martha's Vineyard",A,,41.3916664123535,-70.6152801513672,1
KMWA,"Williamson Country Regional Airport",A,,37.754955291748,-89.0110931396484,1
KMWC,"Lawrence J Timmerman Airport",A,,43.1103897094727,-88.0344161987305,1
KMWH,"GRANT CO INTERNATIONAL, GRANT COUNTY AIRPORT USA",A,,47.20858333,-119.3191389,1
KMWL,"MINERAL WELLS, MINERAL WELLS USA",A,,32.78160556,-98.060175,1
KMXF,"MAXWELL AFB, MONTGOMERY USA",A,,32.38294444,-86.36577778,1
KMYL,"McCall Municipal Airport",A,,44.889720916748,-116.101387023926,1
KMYR,"MYRTLE BEACH INTERNATIONAL, MYRTLE BEACH USA",A,,33.67975,-78.92833333,1
KNBC,"BEAUFORT MCAS, BEAUFORT USA",A,,32.48057197,-80.71923639,1
KNBG,"NEW ORLEANS NAS JRB, NEW ORLEANS USA",A,,29.82721525,-90.0265875,1
KNBJ,"BARIN NOLF",A,,30.38908722,-87.6352625,0
KNCA,"NEW RIVER MCAS, JACKSONVILLE USA",A,,34.70842117,-77.43966139,1
KNDZ,"WHITING FIELD NAS SOUTH",A,,30.69857314,-87.01440667,1
KNEL,"LAKEHURST NAES, LAKEHURST USA",A,,40.03578086,-74.35137025,1
KNFD,"SUMMERDALE NOLF",A,,30.507695,-87.64554111,0
KNFL,"FALLON NAS, FALLON USA",A,,39.41783167,-118.6985939,1
KNFW,"Fort Worth NAS",A,,32.7691688537598,-97.4415283203125,1
KNGP,"Corpus Christi NAS",A,,27.6927013397217,-97.2903747558594,1
KNGU,"NORFOLK NS, NORFOLK USA",A,,36.93746194,-76.28926347,1
KNHK,"PATUXENT RIVER NAS, PATUXENT RIVER USA",A,,38.28633186,-76.40995522,1
KNID,"CHINA LAKE NAWS, CHINA USA",A,,35.6855,-117.692,1
KNIP,"JACKSONVILLE NAS, JACKSONVILLE USA",A,,30.23385686,-81.67496528,1
KNJK,"EL CENTRO NAF, EL CENTRO USA",A,,32.82916667,-115.6716667,1
KNKT,"CHERRY POINT MCAS, CHERRY POINT USA",A,,34.90316847,-76.88077069,1
KNKX,"MIRAMAR MCAS, MIRAMAR USA",A,,32.86834556,-117.1417347,1
KNLC,"LEMOORE NAS, LEMOORE USA",A,,36.33301111,-119.9520806,1
KNMM,"MERIDIAN NAS, MERIDIAN USA",A,,32.55348083,-88.55526028,1
KNOW,"PORT ANGELES CGAS, PORT ANGELES USA",A,,48.14129264,-123.413954,1
KNPA,"PENSACOLA NAS, PENSACOLA USA",A,,30.35327278,-87.31796956,1
KNQA,"MILLINGTON MUNI, MILLINGTON USA",A,,35.35663889,-89.87041667,1
KNQI,"KINGSVILLE NAS, KINGSVILLE USA",A,,27.50451472,-97.80828889,1
KNQX,"KEY WEST NAS, KEY WEST USA",A,,24.57570139,-81.68883333,1
KNSE,"WHITING FLD NAS NORTH, MILTON USA",A,,30.72247014,-87.02390125,1
KNSI,"San Nicolas Island Nolf",A,,33.2397651672363,-119.458160400391,1
KNTD,"POINT MUGU NAS, POINT MUGU USA",A,,34.11927236,-119.1195775,1
KNTK,"TUSTIN MCAF, TUSTIN USA",A,,33.70611111,-117.8272222,0
KNTU,"OCEANA NAS, OCEANA USA",A,,36.82274375,-76.03189031,1
KNUC,"San Clemente Island Nalf",A,,33.0227432250977,-118.588485717773,1
KNUQ,"MOFFETT FEDERAL AFLD, MOUNTAIN VIEW USA",A,,37.41613889,-122.0491389,1
KNUW,"WHIDBEY ISLAND NAS, WHIDBEY ISLAND USA",A,,48.35184083,-122.6559578,1
KNXP,"TWENTYNINE PALMS EAF, TWENTY NINE PALMS USA",A,,34.29616667,-116.1621667,1
KNXX,"WILLOW GROVE NAS JRB, WILLOW GROVE USA",A,,40.19972222,-75.14805556,0
KNYG,"QUANTICO MCAF, QUANTICO USA",A,,38.50362444,-77.30503167,1
KNZC,"CECIL FLD, JACKSONVILLE USA",A,,30.21861111,-81.87638889,1
KNZJ,"El Toro",A,,33.6761322021484,-117.731163024902,1
KNZY,"NORTH ISLAND NAS, SAN DIEGO USA",A,,32.69819458,-117.2131041,1
KOAJ,"Albert J Ellis",A,,34.8291625976563,-77.6121368408203,1
KOAK,"METROPOLITAN OAKLAND INTERNATIONAL, OAKLAND USA",A,,37.72127778,-122.2207222,1
KOAR,"Marina Muni",A,,36.6818771362305,-121.762344360352,1
KOBE,County,A,,27.265832901001,-80.8511123657227,1
KOCF,"International Airport",A,,29.1725006103516,-82.2241668701172,1
KOEB,"Branch County Memorial Airport",A,,41.9335708618164,-85.0522918701172,1
KOFF,"OFFUTT AFB, OMAHA USA",A,,41.11932778,-95.90851944,1
KOGS,"OGDENSBURG INTERNATIONAL, OGDENSBURG USA",A,,44.68186111,-75.4655,1
KOKB,"OCEANSIDE MUNI",A,,33.21797639,-117.3515075,1
KOKC,"WILL ROGERS WORLD, OKLAHOMA CITY USA",A,,35.39307403,-97.60076172,1
KOLF,"LM Clayton Airport",A,,48.0944442749023,-105.574996948242,1
KOLM,"Olympia Regional Airpor",A,,46.9694061279297,-122.902542114258,1
KOLS,"NOGALES INTERNATIONAL, NOGALES USA",A,,31.41772222,-110.8478889,1
KOMA,"EPPLEY AFLD, OMAHA USA",A,,41.30316667,-95.89405556,1
KONO,"Ontario Municipal Airport",A,,44.019359588623,-117.013031005859,1
KONP,"Newport Municipal Airport",A,,44.5803604125977,-124.057914733887,1
KONT,"ONTARIO INTERNATIONAL, ONTARIO USA",A,,34.056,-117.6011944,1
KOPF,"OPA LOCKA, MIAMI USA",A,,25.90741667,-80.27822222,1
KOQU,"Quonset State Airport",A,,41.5971374511719,-71.4121398925781,1
KORD,"CHICAGO OHARE INTERNATIONAL, CHICAGO USA",A,,41.98164861,-87.90667142,1
KORF,"NORFOLK INTERNATIONAL, NORFOLK USA",A,,36.89461111,-76.20122222,1
KORH,"Worcester Regional Airport",A,,42.2672996520996,-71.8757019042969,1
KORL,"EXECUTIVE, ORLANDO USA",A,,28.54547222,-81.33291667,1
KORS,"Orcas Island Airport",A,,48.7080574035645,-122.910552978516,1
KOSC,"OSCODA WURTSMITH, OSCODA USA",A,,44.45152778,-83.39416667,1
KOSU,"Ohio State University Airport",A,,40.0797996520996,-83.072998046875,1
KOTH,"Southwest Oregon Regional Airport",A,,43.4170989990234,-124.246002197266,1
KOWB,"Owensboro Daviess County Airport",A,,37.7401008605957,-87.1668014526367,1
KOWD,"Norwood Memorial Airport",A,,42.1905288696289,-71.1729431152344,1
KOXC,"Waterbury-Oxford Airport",A,,41.4785537719727,-73.1352462768555,1
KOXR,"Oxnard - Ventura County",A,,34.2008323669434,-119.207221984863,1
KOZA,"Ozona Muni",A,,30.7352809906006,-101.202972412109,1
KOZR,"CAIRNS AAF (FORT RUCKER)",A,,31.275775,-85.71335,0
KPAE,"SNOHOMISH CO, EVERETT USA",A,,47.90698736,-122.2815721,1
KPAH,"Barkley Regional Airport",A,,37.0602874755859,-88.7729568481445,1
KPAM,"TYNDALL AFB, PANAMA CITY USA",A,,30.07,-85.5765,1
KPAX,Kaupena,A,,-6.110333333,144.1363333,0
KPBF,"GRIDER FLD, PINE BLUFF USA",A,,34.17451306,-91.93560422,1
KPBG,"PLATTSBURGH INTERNATIONAL, PLATTSBURGH USA",A,,44.65094444,-73.46813889,1
KPBH,"Price County Airport",A,,45.7050018310547,-90.4030532836914,1
KPBI,"PALM BEACH INTERNATIONAL, WEST PALM BEACH USA",A,,26.68316667,-80.09558333,1
KPBX,"Pike County Airport - Hatcher Field",A,,37.5617637634277,-82.5663909912109,1
KPCW,"Erie-Ottawa Regional Airport",A,,41.5162696838379,-82.8694839477539,1
KPCZ,"Waupaca Municipal Airport",A,,44.3332481384277,-89.019775390625,1
KPDK,"Dekalb-Peachtree Airport",A,,33.8756103515625,-84.3019714355469,1
KPDT,"Eastern Oregon Regional Airport",A,,45.6949996948242,-118.84139251709,1
KPDX,"PORTLAND INTERNATIONAL, PORTLAND USA",A,,45.58870886,-122.5968694,1
KPFN,"Panama City Bay Co Intl",A,,30.2120838165283,-85.6828079223633,1
KPGA,"Page Municipal Airport",A,,36.9261016845703,-111.448303222656,1
KPGD,"Charlotte County-Punta Gorda Airport",A,,26.9197216033936,-81.9905548095703,1
KPGV,"Pitt-Greenville Airport",A,,35.6352767944336,-77.3852767944336,1
KPHD,"Harry Clever Field Airport",A,,40.4701652526855,-81.4199447631836,1
KPHF,"NEWPORT NEWS WILLIAMSBURG INTERNATIONAL, NEWPORT NEWS USA",A,,37.13188889,-76.49297222,1
KPHL,"PHILADELPHIA INTERNATIONAL, PHILADELPHIA USA",A,,39.87224944,-75.24086583,1
KPHN,"ST CLAIR CO INTERNATIONAL, PORT HURON USA",A,,42.91097222,-82.52886111,1
KPHX,"PHOENIX SKY HARBOR INTERNATIONAL, PHOENIX USA",A,,33.43427778,-112.0115833,1
KPIA,"Peoria Regional",A,,40.6642036437988,-89.6932601928711,1
KPIB,"Hattiesburg Laurel Regional Airport",A,,31.4671001434326,-89.3370971679688,1
KPIE,"ST PETERSBURG CLEARWATER INTERNATIONAL, ST. PETERSBURG USA",A,,27.91,-82.68741667,1
KPIH,"Pocatello Regional Airport",A,,42.9098014831543,-112.596000671387,1
KPIM,"Harris County Airport",A,,32.8406944274902,-84.8824462890625,1
KPIR,"Pierre Regional Airport",A,,44.3827018737793,-100.286003112793,1
KPIT,"PITTSBURGH INTERNATIONAL, PITTSBURGH (PENNSYLVA) USA",A,,40.49147222,-80.23286111,1
KPJC,"Zelienople Municipal Airport",A,,40.8019714355469,-80.1608581542969,1
KPKB,"Mid-Ohio Valley Regional Airport",A,,39.3451042175293,-81.4392013549805,1
KPLN,"Pellston Regional Airport of Emmet County Airport",A,,45.5708999633789,-84.7966995239258,1
KPLR,"ST CLAIR COUNTY",A,,33.55883333,-86.24905556,0
KPMB,"PEMBINA MUNI, PEMBINA USA",A,,48.9425,-97.24083333,1
KPMD,"PALMDALE PROD FLT TEST INSTL AF PLT 42, PALMDALE USA",A,,34.62938889,-118.0845528,1
KPMP,"Pompano Beach Airpark",A,,26.2471389770508,-80.1110534667969,1
KPNC,"PONCA CITY MUNI, PONCA CITY USA",A,,36.73191667,-97.09977778,1
KPNE,"NORTHEAST PHILADELPHIA, PHILADELPHIA USA",A,,40.08194444,-75.01058333,1
KPNM,"PRINCETON MUNI, PRINCETON USA",A,,45.55986778,-93.60821611,1
KPNS,"PENSACOLA RGNL, PENSACOLA USA",A,,30.47342556,-87.18661222,1
KPOB,"POPE AFB, FAYETTEVILLE USA",A,,35.17088194,-79.01449028,1
KPOC,"Brackett Field",A,,34.091667175293,-117.781776428223,1
KPOE,"POLK AAF, FORT POLK USA",A,,31.04478236,-93.19164208,1
KPOF,"Poplar Bluff Municipal Airport",A,,36.7739448547363,-90.3248596191406,1
KPQI,"NORTHERN MAINE RGNL AT PRESQUE ISLE, PRESQUE ISLE USA",A,,46.68897222,-68.04480556,1
KPRC,"ERNEST A LOVE FLD, PRESCOTT USA",A,,34.65444444,-112.4196111,1
KPRN,"MAC CRENSHAW MEMORIAL",A,,31.84569444,-86.61075,0
KPRS,"PRESIDIO LELY INTL",A,,29.6342125,-104.3614944,0
KPSM,"Pease International Tradeport",A,,43.0778999328613,-70.8233032226563,1
KPSP,"PALM SPRINGS INTERNATIONAL, PALM SPRINGS USA",A,,33.82966667,-116.5066944,1
KPSX,"PALACIOS MUNI, PALACIOS USA",A,,28.7275,-96.25094444,1
KPUB,"PUEBLO MEM, PUEBLO MEMORIAL USA",A,,38.28913889,-104.4965,1
KPUC,"Carbon County Regional-Buck Davis Field",A,,39.6097221374512,-110.752777099609,1
KPUW,"Pullman-Moscow Rgnl",A,,46.7438621520996,-117.109580993652,1
KPVC,"Provincetown Muni",A,,42.0719451904297,-70.2213897705078,1
KPVD,"THEODORE FRANCIS GREEN STATE, PROVIDENCE USA",A,,41.72399917,-71.42822111,1
KPVU,"Provo Municipal Airport",A,,40.2180557250977,-111.722221374512,1
KPWK,"Chicago Executive",A,,42.1142883300781,-87.9015350341797,1
KPWM,"PORTLAND INTERNATIONAL JETPORT, PORTLAND USA",A,,43.64616667,-70.30927778,1
KPWT,"Bremerton National",A,,47.4902458190918,-122.76481628418,1
KPYM,"Plymouth Municipal Airport",A,,41.9090270996094,-70.7287750244141,1
KPYP,"Centre-Piedmont-Cherokee County Regional Airport",A,,34.089916229248,-85.6100845336914,1
KRAC,"John H. Batten Airport",A,,42.7605018615723,-87.8152008056641,1
KRAL,"RIVERSIDE MUNI, RIVERSIDE USA",A,,33.95188889,-117.4451111,1
KRAP,"Rapid City Regional Airport",A,,44.0452766418457,-103.057220458984,1
KRBD,"Dallas Executive Airport",A,,32.6808319091797,-96.8683319091797,1
KRBL,"Red Bluff Municipal Airport",A,,40.1506958007813,-122.252304077148,1
KRBM,"ROBINSON AAF, ROBINSON USA",A,,34.85009,-92.30015139,1
KRCA,"ELLSWORTH AFB, RAPID CITY USA",A,,44.14509444,-103.1035667,1
KRCV,"ASTRONAUT KENT ROMINGER",A,,37.71377778,-106.3520278,0
KRCZ,"Richmond County Airport",A,,34.8913040161133,-79.7596130371094,1
KRDD,"Redding Muni",A,,40.5089988708496,-122.293388366699,1
KRDG,"Reading Regional Carl A Spaatz Field",A,,40.3785018920898,-75.965202331543,1
KRDM,"Roberts Fld",A,,44.2540664672852,-121.149963378906,1
KRDR,"GRAND FORKS AFB, RED RIVER USA",A,,47.96128056,-97.40081111,1
KRDU,"RALEIGH DURHAM INTERNATIONAL, RALEIGH-DURHAM USA",A,,35.87763889,-78.78747222,1
KREI,"Redlands Municipal Airport",A,,34.0852508544922,-117.146385192871,1
KRFD,"Chicago Rockford International Airport ",A,,42.1953620910645,-89.0972213745117,1
KRHI,"Rhinelander Oneida County Airport",A,,45.6311988830566,-89.4674987792969,1
KRIC,"RICHMOND INTERNATIONAL, RICHMOND USA",A,,37.50516667,-77.31966667,1
KRID,"Richmond Municipal Airport",A,,39.7560997009277,-84.8427200317383,1
KRIF,"Richfield Minicipal Airport",A,,38.7364349365234,-112.098945617676,1
KRIL,"Garfield County Regional Airport",A,,39.5263061523438,-107.726943969727,1
KRIR,"Flabob Airport",A,,33.9887771606445,-117.409973144531,1
KRIU,"RANCHO MURIETA, RANCHO MURIETA USA",A,,38.48677778,-121.1027778,1
KRIV,"MARCH ARB, RIVERSIDE USA",A,,33.88194083,-117.2590147,1
KRIW,"Riverton Regional",A,,43.0641670227051,-108.45972442627,1
KRKD,"Knox County Regional Airport",A,,44.0601119995117,-69.0992279052734,1
KRKP,"Aransas County Airport",A,,28.0862216949463,-97.0436935424805,1
KRKS,"Rock Springs Sweetwater County Airport",A,,41.5942001342773,-109.065002441406,1
KRME,"GRIFFISS AIRPARK, ROME USA",A,,43.23380556,-75.40702778,1
KRMG,"Richard B Russell Airport",A,,34.3507766723633,-85.1586685180664,1
KRMY,"Brooks Field Airport",A,,42.2511940002441,-84.9554443359375,1
KRND,"RANDOLPH AFB, SAN ANTONIO USA",A,,29.52890583,-98.27803083,1
KRNM,"Ramona Airport",A,,33.0391654968262,-116.915252685547,1
KRNO,"RENO TAHOE INTERNATIONAL, RENO USA",A,,39.49911111,-119.7681111,1
KRNT,Renton,A,,47.4931373596191,-122.215751647949,1
KROA,"Roanoke Regional",A,,37.3254737854004,-79.9754180908203,1
KROC,"GREATER ROCHESTER INTERNATIONAL, ROCHESTER USA",A,,43.11914211,-77.67186928,1
KROW,"ROSWELL INDUSTRIAL AIR CENTER, ROSWELL USA",A,,33.30155556,-104.5305556,1
KRST,Rochester,A,,43.9082832336426,-92.5000152587891,1
KRSW,"SOUTHWEST FLORIDA INTERNATIONAL, FORT MYERS USA",A,,26.53616667,-81.75516667,1
KRUT,"Rutland State Airport",A,,43.5293998718262,-72.9496002197266,1
KRVS,"Richard Lloyd Jones Jr Airport",A,,36.0396118164063,-95.9846420288086,1
KRWI,"Rocky Mount Wilson Regional Airport",A,,35.8563003540039,-77.8918991088867,1
KRYY,"Cobb County Airport-Mc Collum Field",A,,34.0131568908691,-84.597053527832,1
KRZR,"Cleveland Regional Jetport",A,,35.21149667,-84.79977,1
KS39,"Prineville Airport",A,,44.286994934082,-120.903831481934,1
KSAA,"Shively Field Airport",A,,41.4448585510254,-106.823524475098,1
KSAC,"SACRAMENTO EXECUTIVE, SACRAMENTO USA",A,,38.51252778,-121.4934722,1
KSAF,"SANTA FE MUNI, SANTA FE USA",A,,35.61710861,-106.0894228,1
KSAN,"SAN DIEGO INTERNATIONAL LINDBERGH FLD, SAN DIEGO USA",A,,32.73355556,-117.1896667,1
KSAT,"SAN ANTONIO INTERNATIONAL, SAN ANTONIO USA",A,,29.53369444,-98.46977778,1
KSAV,"SAVANNAH HILTON HEAD INTERNATIONAL, SAVANNAH USA",A,,32.12758333,-81.20213889,1
KSAW,"SAWYER INTERNATIONAL, GWINN USA",A,,46.35363889,-87.39536111,1
KSBA,"Santa Barbara Muni",A,,34.426212310791,-119.840370178223,1
KSBD,"San Bernardino International Airport",A,,34.0953521728516,-117.234870910645,1
KSBN,"South Bend Rgnl",A,,41.7086601257324,-86.317253112793,1
KSBO,"EMANUEL CO, SANTA BARBARA USA",A,,32.60913889,-82.36994444,1
KSBP,"San Luis County Regional Airport",A,,35.2368011474609,-120.641998291016,1
KSBS,"Steamboat Springs Airport-Bob Adams Field",A,,40.5162506103516,-106.866302490234,1
KSBY,"SALISBURY OCEAN CITY WICOMICO RGNL, SALISBURY USA",A,,38.34018925,-75.50947961,1
KSCD,"MERKEL FIELD SYLACAUGA MUNI",A,,33.17183333,-86.30552778,0
KSCH,"Stratton ANGB - Schenectady County Airpor",A,,42.8524551391602,-73.9288635253906,1
KSCK,"STOCKTON METROPOLITAN, STOCKTON USA",A,,37.89416667,-121.2383056,1
KSDF,"Louisville International Airport",A,,38.1740875244141,-85.7364959716797,1
KSDL,"Scottsdale Airport",A,,33.6228904724121,-111.910530090332,1
KSDM,"Brown Field Municipal Airport",A,,32.5722732543945,-116.980163574219,1
KSDY,"Sidney-Richland Municipal Airport",A,,47.7069435119629,-104.192497253418,1
KSEA,"SEATTLE TACOMA INTERNATIONAL, SEATTLE USA",A,,47.44988889,-122.3117778,1
KSEE,Gillespie,A,,32.8262214660645,-116.972442626953,1
KSEF,"Regional - Hendricks AAF",A,,27.4563884735107,-81.3422241210938,1
KSEM,"CRAIG FLD, SELMA USA",A,,32.34394667,-86.98780556,1
KSEZ,Sedona,A,,34.8486289978027,-111.788475036621,1
KSFB,"Orlando Sanford Intl",A,,28.7776393890381,-81.2374877929688,1
KSFF,"FELTS FLD, SPOKANE USA",A,,47.68294444,-117.3224167,1
KSFO,"SAN FRANCISCO INTERNATIONAL, SAN FRANCISCO USA",A,,37.61897222,-122.3748889,1
KSFZ,"NORTH CENTRAL STATE, SMITHFIELD USA",A,,41.92075,-71.49141667,1
KSGF,"Springfield Branson Natl",A,,37.2456665039063,-93.3886413574219,1
KSGH,"Springfield-Beckly Municipal Airport",A,,39.8402786254883,-83.8401641845703,1
KSGJ,"St. Augustine Airport",A,,29.9591674804688,-81.3397216796875,1
KSGR,"Sugar Land Regional Airport",A,,29.6222496032715,-95.6565246582031,1
KSHD,"Shenandoah Valley Regional Airport",A,,38.2638893127441,-78.8963851928711,1
KSHR,"Sheridan County Airport",A,,44.7691993713379,-106.980003356934,1
KSHV,"SHREVEPORT RGNL, SHREVEPORT USA",A,,32.44661111,-93.82561111,1
KSJC,"NORMAN Y MINETA SAN JOSE INTERNATIONAL, SAN JOSE USA",A,,37.36266667,-121.9291111,1
KSJS,"BIG SANDY RGNL",A,,37.75102778,-82.63669444,0
KSJT,"SAN ANGELO RGNL MATHIS FLD, SAN ANGELO USA",A,,31.35775,-100.4963056,1
KSKA,"FAIRCHILD AFB, SPOKANE USA",A,,47.61505833,-117.6558028,1
KSKF,"LACKLAND AFB KELLY FLD ANNEX, SAN ANTONIO USA",A,,29.38423333,-98.58111667,1
KSKY,"GRIFFING SANDUSKY, SANDUSKY USA",A,,41.43336111,-82.65233333,1
KSLC,"SALT LAKE CITY INTERNATIONAL, SALT LAKE CITY USA",A,,40.78838778,-111.9777731,1
KSLE,"McNary Field",A,,44.9095001220703,-123.002998352051,1
KSLK,"Adirondack Regional Airport",A,,44.3852996826172,-74.2061996459961,1
KSLN,"Salina Municipal Airport",A,,38.7910003662109,-97.6521987915039,1
KSMD,"Smith Fld",A,,41.1433525085449,-85.1527786254883,1
KSME,"Lake Cumberland Regional Airport",A,,37.0536117553711,-84.6155548095703,1
KSMF,"SACRAMENTO INTERNATIONAL, SACRAMENTO USA",A,,38.69544444,-121.5907778,1
KSMN,"Lemhi County Airport",A,,45.1238899230957,-113.881385803223,1
KSMO,"Santa Monica Municipal Airport",A,,34.0158348083496,-118.451309204102,1
KSMQ,"Somerset Airport",A,,40.6259918212891,-74.6702423095703,1
KSMX,"Santa Maria Pub Cpt G Allan Hancock Airport",A,,34.8988990783691,-120.457000732422,1
KSNA,"JOHN WAYNE ARPT ORANGE CO, SANTA ANA USA",A,,33.67566667,-117.8682222,1
KSNY,"Sidney Muni Airport",A,,41.1016693115234,-102.985000610352,1
KSOP,"Moore County Airport",A,,35.2376098632813,-79.3887939453125,1
KSOW,"Show Low Regional Airport",A,,34.2655563354492,-110.005554199219,1
KSPB,"SCAPPOOSE INDUSTRIAL AIRPARK, SAN LUIS USA",A,,45.77102778,-122.8618333,1
KSPF,"Black Hills Airport-Clyde Ice Field",A,,44.4811401367188,-103.786003112793,1
KSPG,"ALBERT WHITTED, ST. PETERSBURG USA",A,,27.76511111,-82.62697222,1
KSPI,"Abraham Lincoln Capital",A,,39.8441009521484,-89.6778869628906,1
KSPS,"SHEPPARD AFB WICHITA FALLS MUNI, WICHITA FALLS USA",A,,33.98880278,-98.49190278,1
KSPW,"Spencer Muni",A,,43.16552734375,-95.2028045654297,1
KSPZ,"Silver Springs Airport",A,,39.4030265808105,-119.251197814941,1
KSQL,"San Carlos Airport",A,,37.5119438171387,-122.249443054199,1
KSRQ,"Sarasota Bradenton Intl",A,,27.3954448699951,-82.5543899536133,1
KSRR,"Sierra Blanca Regional Airport",A,,33.4628486633301,-105.53475189209,1
KSSC,"SHAW AFB, SUMTER USA",A,,33.97271628,-80.47057056,1
KSSI,"McKinnon Airport",A,,31.1519718170166,-81.3910522460938,1
KSTC,"Saint Cloud Regional Airport",A,,45.5465545654297,-94.0598907470703,1
KSTE,"Stevens Point Municipal Airport",A,,44.5451354980469,-89.5302810668945,1
KSTJ,"Rosecrans Mem",A,,39.7719421386719,-94.9097061157227,1
KSTK,"Sterling Municipal Airport",A,,40.6153144836426,-103.264846801758,1
KSTL,"LAMBERT ST LOUIS INTERNATIONAL, ST. LOUIS USA",A,,38.7475,-90.35972222,1
KSTP,"St. Paul Downtown Airport - Holman Field",A,,44.9346237182617,-93.0603408813477,1
KSTS,"Charles M Schulz Sonoma Co",A,,38.5089797973633,-122.812881469727,1
KSUA,"Witham Field Airport",A,,27.1816997528076,-80.2212905883789,1
KSUN,"Friedman Mem",A,,43.5044441223145,-114.296195983887,1
KSUS,"Spirit Of St Louis",A,,38.6621208190918,-90.6520462036133,1
KSUU,"TRAVIS AFB, FAIRFIELD USA",A,,38.26266667,-121.9275,1
KSUX,"SIOUX GATEWAY COL BUD DAY FLD, SIOUX CITY USA",A,,42.40261111,-96.38436111,1
KSUZ,"SALINE COUNTY RGNL",A,,34.59039964,-92.47943597,0
KSVH,"Regional Airport",A,,35.7649955749512,-80.9538955688477,1
KSVN,"HUNTER AAF, HUNTER AAF USA",A,,32.01002028,-81.14598778,1
KSWF,"STEWART INTERNATIONAL, NEWBURGH USA",A,,41.50411111,-74.10483333,1
KSYR,"SYRACUSE HANCOCK INTERNATIONAL, SYRACUSE USA",A,,43.11119444,-76.10630556,1
KSZL,"WHITEMAN AFB, KNOBNOSTER USA",A,,38.73029111,-93.54798972,1
KTAN,"Taunton Municipal Airport - King Field",A,,41.8744010925293,-71.0166473388672,1
KTBN,"WAYNESVILLE RGNL ARPT AT FORNEY FLD, FORT LEONARDWOOD USA",A,,37.74163111,-92.14073611,1
KTCC,"TUCUMCARI MUNI, TUCUMCARI USA",A,,35.18277806,-103.6031853,1
KTCL,"Tuscaloosa Rgnl",A,,33.2206268310547,-87.6114044189453,1
KTCM,"MC CHORD AFB, TACOMA USA",A,,47.13767778,-122.476475,1
KTCS,"TRUTH OR CONSEQUENCES MUNI, TRUTH OR CONSEQUENCES USA",A,,33.23694444,-107.27175,1
KTEB,"TETERBORO, TETERBORO USA",A,,40.85010139,-74.06083611,1
KTEX,Telluride,A,,37.9537582397461,-107.908477783203,1
KTIK,"TINKER AFB, OKLAHOMA CITY USA",A,,35.4147395,-97.38663317,1
KTIW,"Tacoma Narrows Airport",A,,47.2679443359375,-122.578109741211,1
KTKI,"Collin County Regional Airport at Mc Kinney",A,,33.1779441833496,-96.5905303955078,1
KTLH,"TALLAHASSEE RGNL, TALLAHASSEE USA",A,,30.39652778,-84.35033333,1
KTMA,"Henry Tift Myers Airport",A,,31.4289817810059,-83.4885482788086,1
KTMB,"KENDALL TAMIAMI EXECUTIVE, KENDALL-TAMIAMI USA",A,,25.64756372,-80.43322461,1
KTMK,"Tillamook Airport",A,,45.4182434082031,-123.814384460449,1
KTNT,"DADE COLLIER TRAINING AND TRANSITION, MIAMI USA",A,,25.86180556,-80.897,1
KTNX,"TONOPAH TEST RANGE, TONOPAH USA",A,,37.79465972,-116.7786747,1
KTOA,"Zamperini Field Airport",A,,33.8033905029297,-118.33960723877,1
KTOC,"Toccoa RG Letourneau Field Airport",A,,34.5928115844727,-83.2963714599609,1
KTOI,"TROY MUNI AIRPORT AT N. KENNETH CAMPBELL F",A,,31.86,-86.01388889,0
KTOL,Toledo,A,,41.5868072509766,-83.8078308105469,1
KTOP,"Philip Billard Muni",A,,39.0686569213867,-95.6224822998047,1
KTPA,"TAMPA INTERNATIONAL, TAMPA USA",A,,27.97547222,-82.53325,1
KTPL,"Draughon Miller Central Texas Rgnl",A,,31.1525001525879,-97.4077758789062,1
KTRI,"Tri-Cities Regional Airport",A,,36.4752235412598,-82.4074172973633,1
KTRK,"Truckee-Tahoe Airport",A,,39.3200416564941,-120.13956451416,1
KTRM,"Jacqueline Cochran Regional Airport",A,,33.6266670227051,-116.15966796875,1
KTTD,"Portland Troutdale",A,,45.5493698120117,-122.401252746582,1
KTTN,"TRENTON MERCER, TRENTON USA",A,,40.27669111,-74.81346833,1
KTUL,"TULSA INTERNATIONAL, TULSA USA",A,,36.19838889,-95.88811111,1
KTUP,"Tupelo Regional Airport",A,,34.2681007385254,-88.7698974609375,1
KTUS,"TUCSON INTERNATIONAL, TUCSON USA",A,,32.11608333,-110.9410278,1
KTVC,"Cherry Capital Airport",A,,44.7414436340332,-85.5822372436523,1
KTVF,"Thief River Falls",A,,48.0655555725098,-96.1849975585938,1
KTVI,"Thomasville Regional Airport",A,,30.9017925262451,-83.8811264038086,1
KTVL,"Lake Tahoe Airport",A,,38.8938903808594,-119.995277404785,1
KTVX,Kitava,A,,-8.626333333,151.3256667,0
KTWF,"Magic Valley Regional Airport",A,,42.481803894043,-114.487731933594,1
KTXK,"TEXARKANA RGNL WEBB FLD, TEXARKANA USA",A,,33.45372222,-93.99102778,1
KTYR,"TYLER POUNDS RGNL, TYLER USA",A,,32.35413889,-95.40238611,1
KTYS,"MC GHEE TYSON, KNOXVILLE USA",A,,35.81097222,-83.99402778,1
KUBK,Kubkain,A,,-4.311,142.3275,0
KUDD,"Bermuda Dunes Airport",A,,33.7484359741211,-116.274810791016,1
KUDG,"Darlington County Jetport",A,,34.4493827819824,-79.8900604248047,1
KUGN,"WAUKEGAN RGNL, CHICAGO USA",A,,42.42216,-87.86790694,1
KUIN,"Quincy Regional Baldwin Field",A,,39.942699432373,-91.1946029663086,1
KUMP,"Indianapolis Metropolitan Airport",A,,39.9352798461914,-86.0449981689453,1
KUNI,"Ohio University Airport",A,,39.2118911743164,-82.2292556762695,1
KUNV,"University Park Airport",A,,40.8492774963379,-77.8486938476563,1
KUOS,"Franklin County Airport",A,,35.2051010131836,-85.8981018066406,1
KUTA,"Tunica Municipal Airport",A,,34.6809997558594,-90.3467025756836,1
KUVA,"Garner Field",A,,29.2154293060303,-99.7489624023438,1
KUZA,"Rock Hill York Co Bryant Airport",A,,34.9878005981445,-81.0571975708008,1
KVAD,"MOODY AFB, VALDOSTA USA",A,,30.9687,-83.19296111,1
KVAY,"South Jersey Regional Airport",A,,39.9428901672363,-74.8457489013672,1
KVBG,"VANDENBERG AFB, LOMPOC USA",A,,34.72966667,-120.5768333,1
KVBT,"BENTONVILLE MUNI/LOUISE M THADEN FIELD",A,,36.34525,-94.21933333,0
KVCT,"Victoria Regional Airport",A,,28.8526000976563,-96.9185028076172,1
KVCV,"SOUTHERN CALIFORNIA LOGISTICS, VICTORVILLE USA",A,,34.59747222,-117.383,1
KVEL,"Vernal Regional Airport",A,,40.4408340454102,-109.51000213623,1
KVIS,"Visalia Municipal Airport",A,,36.3186111450195,-119.392776489258,1
KVLD,"Valdosta Regional Airport",A,,30.7824993133545,-83.2767028808594,1
KVNW,"Van Wert County Airport",A,,40.8638305664063,-84.6063613891602,1
KVNY,"Van Nuys",A,,34.2098121643066,-118.489974975586,1
KVOK,"Volk Fld",A,,43.9389572143555,-90.2534332275391,1
KVPC,"Cartersville Airport",A,,34.1231460571289,-84.8487091064453,1
KVPS,"EGLIN AFB, VALPARAISO USA (FLORIDA",A,,30.48321942,-86.52604433,1
KVQQ,"Cecil Field",A,,30.2187004089355,-81.8767013549805,1
KVRB,"VERO BEACH MUNI, VERO BEACH USA",A,,27.65555556,-80.41794444,1
KVVS,"Joseph A. Hardy Airport",A,,39.9591674804688,-79.6572189331055,1
KVYS,"Illinois Valley Regional",A,,41.3519439697266,-89.1530532836914,1
KW40,"Mount Olive Municipal Airport",A,,35.22219849,-78.03780365,0
KWAL,"WALLOPS FLIGHT FACILITY, WALLOPS ISLAND USA",A,,37.94019444,-75.46638889,1
KWBW,"Wilkes-Barre Wyoming Valley Airport",A,,41.297306060791,-75.8522415161133,1
KWDR,"Barrow County Airport",A,,33.9828605651855,-83.6674194335938,1
KWHP,"Whiteman Airport",A,,34.2593269348145,-118.413436889648,1
KWRB,"ROBINS AFB, MACON USA",A,,32.64017083,-83.59192083,1
KWRI,"MC GUIRE AFB, WRIGHTSTOWN USA",A,,40.01558333,-74.5917,1
KWRL,"Worland Municipal Airport",A,,43.9656982421875,-107.950996398926,1
KWSD,"CONDRON AAF, WHITE SANDS USA",A,,32.34148306,-106.4027683,1
KWST,"Westerly State Airport",A,,41.349723815918,-71.8033294677734,1
KWWD,"CAPE MAY CO, WILDWOOD USA",A,,39.00850694,-74.90827389,1
KWYS,"Yellowstone Airport",A,,44.6883316040039,-111.117500305176,1
KXNA,"NW Arkansas Regional",A,,36.281867980957,-94.3068084716797,1
KY72,"Bloyer Field",A,,43.9752769470215,-90.4833297729492,1
KYIP,"WILLOW RUN, DETROIT USA",A,,42.23930367,-83.53096528,1
KYKM,"Yakima Air Terminal McAllister Field",A,,46.5681991577149,-120.543998718262,1
KYNG,"YOUNGSTOWN WARREN RGNL, YOUNGSTOWN USA",A,,41.26073556,-80.67909667,1
KYUM,"YUMA MCAS YUMA INTERNATIONAL, YUMA USA",A,,32.65,-114.6,1
KZPH,"Municipal Airport",A,,28.2280559539795,-82.1558303833008,1
KZUN,"BLACK ROCK, ZUNI PUEBLO USA",A,,35.08322694,-108.7917769,1
